Condition,Substrate,Group,Treatment_method ,Concentration,Treatment,Treat_No.,Cultivar,Samples,stem.volume,stem.nodes,length,bush,flowering.day,SPAD
plant,soil,SSV,PSA1_0.0,0,PSA1_0.0_AG,1,AG,1,3.73,8,58.5,5,56,104.5
plant,soil,SSV,PSA1_0.0,0,PSA1_0.0_AG,1,AG,2,3.86,8,58,4,59,114
plant,soil,SSV,PSA1_0.0,0,PSA1_0.0_AG,1,AG,3,3.65,8,47,4,59,99.9
plant,soil,SSV,PSA1_0.0,0,PSA1_0.0_AG,1,AG,4,4.33,7,49,3,59,108.4
plant,soil,SSV,PSA1_0.0,0,PSA1_0.0_AG,1,AG,5,4.03,7,61.5,4,57,99.2
plant,soil,SSV,PSA1_0.0,0,PSA1_0.0_AG,1,AG,6,3.67,8,50.5,4,68,91.4
plant,soil,SSV,PSA1_0.1,0.1,PSA1_0.1_AG,2,AG,1,4.05,9,59,5,64,104.4
plant,soil,SSV,PSA1_0.1,0.1,PSA1_0.1_AG,2,AG,2,3.91,9,54.5,5,59,101.6
plant,soil,SSV,PSA1_0.1,0.1,PSA1_0.1_AG,2,AG,3,4.3,8,53,4,59,96.3
plant,soil,SSV,PSA1_0.1,0.1,PSA1_0.1_AG,2,AG,4,4.15,9,56.5,5,59,105.4
plant,soil,SSV,PSA1_0.1,0.1,PSA1_0.1_AG,2,AG,5,3.61,8,53.5,4,68,106.2
plant,soil,SSV,PSA1_0.1,0.1,PSA1_0.1_AG,2,AG,6,3.8,9,57,4,60,93.6
plant,soil,SSV,PSA1_0.3,0.3,PSA1_0.3_AG,3,AG,1,4.1,9,54,7,56,104.3
plant,soil,SSV,PSA1_0.3,0.3,PSA1_0.3_AG,3,AG,2,4.35,9,58,3,56,86.5
plant,soil,SSV,PSA1_0.3,0.3,PSA1_0.3_AG,3,AG,3,3.73,8,48,6,59,108.3
plant,soil,SSV,PSA1_0.3,0.3,PSA1_0.3_AG,3,AG,4,3.85,8,52,4,59,89.3
plant,soil,SSV,PSA1_0.3,0.3,PSA1_0.3_AG,3,AG,5,3.77,8,51.5,4,59,100.5
plant,soil,SSV,PSA1_0.3,0.3,PSA1_0.3_AG,3,AG,6,4.07,8,60.5,5,59,107.7
plant,soil,SSV,PSA1_0.5,0.5,PSA1_0.5_AG,4,AG,1,4.15,8,50,6,56,108.2
plant,soil,SSV,PSA1_0.5,0.5,PSA1_0.5_AG,4,AG,2,4.33,8,45,4,59,108.6
plant,soil,SSV,PSA1_0.5,0.5,PSA1_0.5_AG,4,AG,3,3.91,8,60,4,59,82.3
plant,soil,SSV,PSA1_0.5,0.5,PSA1_0.5_AG,4,AG,4,2.93,8,53,3,59,51.4
plant,soil,SSV,PSA1_0.5,0.5,PSA1_0.5_AG,4,AG,5,3.56,8,46,3,71,84.2
plant,soil,SSV,PSA1_0.5,0.5,PSA1_0.5_AG,4,AG,6,4.54,9,57.5,4,68,100.3
plant,soil,SSV,PSA1_0.0,0,PSA1_0.0_KP,1,CP,1,4.43,8,50.5,4,56,99.5
plant,soil,SSV,PSA1_0.0,0,PSA1_0.0_KP,1,CP,2,4.96,8,47,4,59,89.6
plant,soil,SSV,PSA1_0.0,0,PSA1_0.0_KP,1,CP,3,4.28,8,54.5,5,59,82.8
plant,soil,SSV,PSA1_0.0,0,PSA1_0.0_KP,1,CP,4,4.57,7,49.5,5,59,82.6
plant,soil,SSV,PSA1_0.0,0,PSA1_0.0_KP,1,CP,5,4.75,7,60.5,3,61,93.1
plant,soil,SSV,PSA1_0.0,0,PSA1_0.0_KP,1,CP,6,3.74,8,65.5,3,59,72.6
plant,soil,SSV,PSA1_0.1,0.1,PSA1_0.1_KP,2,CP,1,4.17,8,62.8,4,61,79.4
plant,soil,SSV,PSA1_0.1,0.1,PSA1_0.1_KP,2,CP,2,4.05,7,55.5,3,59,57
plant,soil,SSV,PSA1_0.1,0.1,PSA1_0.1_KP,2,CP,3,3.82,7,58,4,64,62.7
plant,soil,SSV,PSA1_0.1,0.1,PSA1_0.1_KP,2,CP,4,3.95,6,60,4,65,86.6
plant,soil,SSV,PSA1_0.1,0.1,PSA1_0.1_KP,2,CP,5,4.43,8,57.5,4,59,103.9
plant,soil,SSV,PSA1_0.1,0.1,PSA1_0.1_KP,2,CP,6,4.64,8,54,5,65,99.9
plant,soil,SSV,PSA1_0.3,0.3,PSA1_0.3_KP,4,CP,1,4.65,8,60,4,56,99.9
plant,soil,SSV,PSA1_0.3,0.3,PSA1_0.3_KP,4,CP,2,5.24,7,61.5,5,56,104.6
plant,soil,SSV,PSA1_0.3,0.3,PSA1_0.3_KP,4,CP,3,5.61,9,65.5,4,59,103.6
plant,soil,SSV,PSA1_0.3,0.3,PSA1_0.3_KP,4,CP,4,4.76,8,58,5,59,101.1
plant,soil,SSV,PSA1_0.3,0.3,PSA1_0.3_KP,4,CP,5,4.71,8,60.5,4,62,105.2
plant,soil,SSV,PSA1_0.3,0.3,PSA1_0.3_KP,4,CP,6,4.96,8,55,5,59,104
plant,soil,SSV,PSA1_0.5,0.5,PSA1_0.5_KP,4,CP,1,3.25,8,52.5,3,61,79.9
plant,soil,SSV,PSA1_0.5,0.5,PSA1_0.5_KP,4,CP,2,3.52,8,60,3,64,76.4
plant,soil,SSV,PSA1_0.5,0.5,PSA1_0.5_KP,4,CP,3,3.49,8,57,3,59,76.7
plant,soil,SSV,PSA1_0.5,0.5,PSA1_0.5_KP,4,CP,4,4.21,8,59.5,5,59,86.5
plant,soil,SSV,PSA1_0.5,0.5,PSA1_0.5_KP,4,CP,5,4.07,8,59,5,65,80.4
plant,soil,SSV,PSA1_0.5,0.5,PSA1_0.5_KP,4,CP,6,4.16,8,60,3,59,86.2
plant,soil,SSV,PSA1_0.0,0,PSA1_0.0_BP,1,BP,1,4.34,6,43,5,56,98.6
plant,soil,SSV,PSA1_0.0,0,PSA1_0.0_BP,1,BP,2,4.99,6,51,6,73,96
plant,soil,SSV,PSA1_0.0,0,PSA1_0.0_BP,1,BP,3,4.73,5,56,5,62,89.1
plant,soil,SSV,PSA1_0.0,0,PSA1_0.0_BP,1,BP,4,3.84,5,51.5,4,59,110.6
plant,soil,SSV,PSA1_0.0,0,PSA1_0.0_BP,1,BP,5,4.75,6,69,4,64,102.6
plant,soil,SSV,PSA1_0.0,0,PSA1_0.0_BP,1,BP,6,5.3,6,54.5,5,65,116.6
plant,soil,SSV,PSA1_0.1,0.1,PSA1_0.1_BP,2,BP,1,3.7,6,54.6,4,65,126.2
plant,soil,SSV,PSA1_0.1,0.1,PSA1_0.1_BP,2,BP,2,3.69,6,48.5,2,65,106.7
plant,soil,SSV,PSA1_0.1,0.1,PSA1_0.1_BP,2,BP,3,2.89,6,57,3,61,120.4
plant,soil,SSV,PSA1_0.1,0.1,PSA1_0.1_BP,2,BP,4,4.02,6,54.5,4,75,95.3
plant,soil,SSV,PSA1_0.1,0.1,PSA1_0.1_BP,2,BP,5,4.24,7,47.5,4,59,91.5
plant,soil,SSV,PSA1_0.1,0.1,PSA1_0.1_BP,2,BP,6,3.79,6,48,3,65,110.9
plant,soil,SSV,PSA1_0.3,0.3,PSA1_0.3_BP,3,BP,1,4.4,6,74.5,5,62,64.8
plant,soil,SSV,PSA1_0.3,0.3,PSA1_0.3_BP,3,BP,2,3.95,6,53.5,5,65,82.6
plant,soil,SSV,PSA1_0.3,0.3,PSA1_0.3_BP,3,BP,3,4.47,6,57.5,4,59,74.7
plant,soil,SSV,PSA1_0.3,0.3,PSA1_0.3_BP,3,BP,4,5.45,6,51,3,60,118.9
plant,soil,SSV,PSA1_0.3,0.3,PSA1_0.3_BP,3,BP,5,4.7,6,56.5,3,59,117.7
plant,soil,SSV,PSA1_0.3,0.3,PSA1_0.3_BP,3,BP,6,4.06,6,51,4,68,135.8
plant,soil,SSV,PSA1_0.5,0.5,PSA1_0.5_BP,4,BP,1,4.2,6,53.5,5,64,124.3
plant,soil,SSV,PSA1_0.5,0.5,PSA1_0.5_BP,4,BP,2,4.79,6,57,4,59,122.3
plant,soil,SSV,PSA1_0.5,0.5,PSA1_0.5_BP,4,BP,3,4.42,6,59,4,56,136.2
plant,soil,SSV,PSA1_0.5,0.5,PSA1_0.5_BP,4,BP,4,3.18,5,58,3,62,97.4
plant,soil,SSV,PSA1_0.5,0.5,PSA1_0.5_BP,4,BP,5,4.69,7,57.5,5,68,99.8
plant,soil,SSV,PSA1_0.5,0.5,PSA1_0.5_BP,4,BP,6,4.81,6,57.5,4,65,94.1
plant,soil,SSV,PSA1_0.0,0,PSA1_0.0_KW,1,KW,1,4.08,8,66.5,3,64,99.8
plant,soil,SSV,PSA1_0.0,0,PSA1_0.0_KW,1,KW,2,4.92,7,63.5,3,65,74.5
plant,soil,SSV,PSA1_0.0,0,PSA1_0.0_KW,1,KW,3,3.86,7,56.7,3,65,90.8
plant,soil,SSV,PSA1_0.0,0,PSA1_0.0_KW,1,KW,4,4.03,7,54.5,2,65,117.7
plant,soil,SSV,PSA1_0.0,0,PSA1_0.0_KW,1,KW,5,4.63,7,63.5,4,63,134
plant,soil,SSV,PSA1_0.0,0,PSA1_0.0_KW,1,KW,6,4.89,7,61,4,60,125.1
plant,soil,SSV,PSA1_0.1,0.1,PSA1_0.1_KW,2,KW,1,5.14,7,66.5,5,65,135
plant,soil,SSV,PSA1_0.1,0.1,PSA1_0.1_KW,2,KW,2,4.75,7,64.5,3,68,130.9
plant,soil,SSV,PSA1_0.1,0.1,PSA1_0.1_KW,2,KW,3,5.06,7,66,4,59,126.4
plant,soil,SSV,PSA1_0.1,0.1,PSA1_0.1_KW,2,KW,4,4.37,7,71,3,60,108.8
plant,soil,SSV,PSA1_0.1,0.1,PSA1_0.1_KW,2,KW,5,3.15,7,63,3,61,73.5
plant,soil,SSV,PSA1_0.1,0.1,PSA1_0.1_KW,2,KW,6,4.32,7,46.5,3,76,106.2
plant,soil,SSV,PSA1_0.3,0.3,PSA1_0.3_KW,3,KW,1,3.13,6,45.5,3,68,108.1
plant,soil,SSV,PSA1_0.3,0.3,PSA1_0.3_KW,3,KW,2,3.94,7,66,3,59,123.3
plant,soil,SSV,PSA1_0.3,0.3,PSA1_0.3_KW,3,KW,3,3.78,6,68.5,3,61,134.8
plant,soil,SSV,PSA1_0.3,0.3,PSA1_0.3_KW,3,KW,4,4.48,7,62.5,3,65,98.1
plant,soil,SSV,PSA1_0.3,0.3,PSA1_0.3_KW,3,KW,5,4.69,6,68,4,68,103.9
plant,soil,SSV,PSA1_0.3,0.3,PSA1_0.3_KW,3,KW,6,3.48,6,63,3,68,97.9
plant,soil,SSV,PSA1_0.5,0.5,PSA1_0.5_KW,4,KW,1,4.49,7,62,3,65,110.8
plant,soil,SSV,PSA1_0.5,0.5,PSA1_0.5_KW,4,KW,2,4.09,6,71,3,65,116.5
plant,soil,SSV,PSA1_0.5,0.5,PSA1_0.5_KW,4,KW,3,5,6,45,4,59,111.5
plant,soil,SSV,PSA1_0.5,0.5,PSA1_0.5_KW,4,KW,4,4.47,7,61,3,65,96.8
plant,soil,SSV,PSA1_0.5,0.5,PSA1_0.5_KW,4,KW,5,3.91,6,45,4,64,109.4
plant,soil,SSV,PSA1_0.5,0.5,PSA1_0.5_KW,4,KW,6,4.65,7,62,3,65,83.2
plant,soil,SSR,PSA2_0.0,0,PSA2_0.0_AG,1,AG,1,3.73,9,58.5,5,56,104.5
plant,soil,SSR,PSA2_0.0,0,PSA2_0.0_AG,1,AG,2,3.86,8,58,4,59,114
plant,soil,SSR,PSA2_0.0,0,PSA2_0.0_AG,1,AG,3,3.65,8,47,4,59,99.9
plant,soil,SSR,PSA2_0.0,0,PSA2_0.0_AG,1,AG,4,4.33,7,49,3,59,108.4
plant,soil,SSR,PSA2_0.0,0,PSA2_0.0_AG,1,AG,5,4.03,7,61.5,4,57,96.6
plant,soil,SSR,PSA2_0.0,0,PSA2_0.0_AG,1,AG,6,3.67,8,50.5,4,68,91.4
plant,soil,SSR,PSA2_0.1,0.1,PSA2_0.1_AG,2,AG,1,3.99,8,57.5,4,65,93.9
plant,soil,SSR,PSA2_0.1,0.1,PSA2_0.1_AG,2,AG,2,3.64,7,55,5,65,91.4
plant,soil,SSR,PSA2_0.1,0.1,PSA2_0.1_AG,2,AG,3,3.55,7,45.5,5,65,96.8
plant,soil,SSR,PSA2_0.1,0.1,PSA2_0.1_AG,2,AG,4,3.8,8,59,5,59,91.7
plant,soil,SSR,PSA2_0.1,0.1,PSA2_0.1_AG,2,AG,5,2.72,8,50,4,65,66.5
plant,soil,SSR,PSA2_0.1,0.1,PSA2_0.1_AG,2,AG,6,4.08,7,54,3,59,85.1
plant,soil,SSR,PSA2_0.3,0.3,PSA2_0.3_AG,3,AG,1,3.02,8,56.5,5,65,61.8
plant,soil,SSR,PSA2_0.3,0.3,PSA2_0.3_AG,3,AG,2,3.24,7,50,4,65,91.1
plant,soil,SSR,PSA2_0.3,0.3,PSA2_0.3_AG,3,AG,3,3.04,7,49.5,4,59,89.9
plant,soil,SSR,PSA2_0.3,0.3,PSA2_0.3_AG,3,AG,4,4.57,8,47.5,6,59,105.1
plant,soil,SSR,PSA2_0.3,0.3,PSA2_0.3_AG,3,AG,5,3.43,8,55,4,75,80.4
plant,soil,SSR,PSA2_0.3,0.3,PSA2_0.3_AG,3,AG,6,3.21,7,55.5,5,75,98
plant,soil,SSR,PSA2_0.5,0.5,PSA2_0.5_AG,4,AG,1,4.34,8,54.5,5,65,68.9
plant,soil,SSR,PSA2_0.5,0.5,PSA2_0.5_AG,4,AG,2,3.02,7,43,4,59,23.5
plant,soil,SSR,PSA2_0.5,0.5,PSA2_0.5_AG,4,AG,3,3.63,8,53.5,4,59,66.5
plant,soil,SSR,PSA2_0.5,0.5,PSA2_0.5_AG,4,AG,4,4.44,8,52,6,76,121.1
plant,soil,SSR,PSA2_0.5,0.5,PSA2_0.5_AG,4,AG,5,3.32,8,45,6,59,97.6
plant,soil,SSR,PSA2_0.5,0.5,PSA2_0.5_AG,4,AG,6,3.94,6,55,4,65,89.4
plant,soil,SSR,PSA2_0.0,0,PSA2_0.0_KP,1,CP,1,4.43,8,50.5,4,56,99.5
plant,soil,SSR,PSA2_0.0,0,PSA2_0.0_KP,1,CP,2,4.96,8,47,4,59,89.6
plant,soil,SSR,PSA2_0.0,0,PSA2_0.0_KP,1,CP,3,4.28,8,54.5,5,59,82.8
plant,soil,SSR,PSA2_0.0,0,PSA2_0.0_KP,1,CP,4,4.57,7,49.5,5,59,82.6
plant,soil,SSR,PSA2_0.0,0,PSA2_0.0_KP,1,CP,5,4.75,7,60.5,3,61,93.1
plant,soil,SSR,PSA2_0.0,0,PSA2_0.0_KP,1,CP,6,3.74,8,65.5,3,59,72.6
plant,soil,SSR,PSA2_0.1,0.1,PSA2_0.1_KP,2,CP,1,4.45,8,56,5,65,87.2
plant,soil,SSR,PSA2_0.1,0.1,PSA2_0.1_KP,2,CP,2,4.25,7,65.6,3,64,90
plant,soil,SSR,PSA2_0.1,0.1,PSA2_0.1_KP,2,CP,3,4.15,7,52,4,64,91.7
plant,soil,SSR,PSA2_0.1,0.1,PSA2_0.1_KP,2,CP,4,4.92,7,50,4,65,99.8
plant,soil,SSR,PSA2_0.1,0.1,PSA2_0.1_KP,2,CP,5,3.86,7,53.5,3,74,74.6
plant,soil,SSR,PSA2_0.1,0.1,PSA2_0.1_KP,2,CP,6,4.07,6,40,4,75,75.1
plant,soil,SSR,PSA2_0.3,0.3,PSA2_0.3_KP,4,CP,1,4.82,8,57.5,4,59,86
plant,soil,SSR,PSA2_0.3,0.3,PSA2_0.3_KP,4,CP,2,5.52,8,64.8,5,59,90.9
plant,soil,SSR,PSA2_0.3,0.3,PSA2_0.3_KP,4,CP,3,4.83,6,58.5,3,59,88.3
plant,soil,SSR,PSA2_0.3,0.3,PSA2_0.3_KP,4,CP,4,4.37,8,54.5,4,59,83.4
plant,soil,SSR,PSA2_0.3,0.3,PSA2_0.3_KP,4,CP,5,5.06,7,51.5,4,65,113.9
plant,soil,SSR,PSA2_0.3,0.3,PSA2_0.3_KP,4,CP,6,1.93,NA,NA,NA,NA,NA
plant,soil,SSR,PSA2_0.5,0.5,PSA2_0.5_KP,4,CP,1,4.96,7,52.5,6,76,70.2
plant,soil,SSR,PSA2_0.5,0.5,PSA2_0.5_KP,4,CP,2,5.45,7,57.5,5,59,78.1
plant,soil,SSR,PSA2_0.5,0.5,PSA2_0.5_KP,4,CP,3,4.34,7,50,5,59,87.6
plant,soil,SSR,PSA2_0.5,0.5,PSA2_0.5_KP,4,CP,4,4.15,8,50.5,6,61,76.6
plant,soil,SSR,PSA2_0.5,0.5,PSA2_0.5_KP,4,CP,5,4.99,7,60.5,4,62,76.4
plant,soil,SSR,PSA2_0.5,0.5,PSA2_0.5_KP,4,CP,6,5.03,8,63,5,65,91.1
plant,soil,SSR,PSA2_0.0,0,PSA2_0.0_BP,1,BP,1,4.34,6,43,5,56,98.6
plant,soil,SSR,PSA2_0.0,0,PSA2_0.0_BP,1,BP,2,4.99,6,51,6,73,96.6
plant,soil,SSR,PSA2_0.0,0,PSA2_0.0_BP,1,BP,3,4.73,5,56,5,62,89.1
plant,soil,SSR,PSA2_0.0,0,PSA2_0.0_BP,1,BP,4,3.84,5,51.5,4,59,110.6
plant,soil,SSR,PSA2_0.0,0,PSA2_0.0_BP,1,BP,5,4.75,6,69,4,64,102.6
plant,soil,SSR,PSA2_0.0,0,PSA2_0.0_BP,1,BP,6,5.3,6,54.5,5,65,116.6
plant,soil,SSR,PSA2_0.1,0.1,PSA2_0.1_BP,2,BP,1,5.27,5,64.5,7,59,102.6
plant,soil,SSR,PSA2_0.1,0.1,PSA2_0.1_BP,2,BP,2,5.87,5,62,7,60,130.4
plant,soil,SSR,PSA2_0.1,0.1,PSA2_0.1_BP,2,BP,3,4.38,5,51,5,65,121.4
plant,soil,SSR,PSA2_0.1,0.1,PSA2_0.1_BP,2,BP,4,4.89,6,62.5,6,65,113.8
plant,soil,SSR,PSA2_0.1,0.1,PSA2_0.1_BP,2,BP,5,4.42,5,55,5,62,109
plant,soil,SSR,PSA2_0.1,0.1,PSA2_0.1_BP,2,BP,6,5.32,5,50.5,4,65,120.5
plant,soil,SSR,PSA2_0.3,0.3,PSA2_0.3_BP,3,BP,1,5.22,6,65.5,6,59,112.6
plant,soil,SSR,PSA2_0.3,0.3,PSA2_0.3_BP,3,BP,2,5.28,6,64.5,5,60,117.3
plant,soil,SSR,PSA2_0.3,0.3,PSA2_0.3_BP,3,BP,3,5,6,54.5,5,61,105.5
plant,soil,SSR,PSA2_0.3,0.3,PSA2_0.3_BP,3,BP,4,5.94,6,63,7,62,96.9
plant,soil,SSR,PSA2_0.3,0.3,PSA2_0.3_BP,3,BP,5,4.37,5,56.5,6,65,105.4
plant,soil,SSR,PSA2_0.3,0.3,PSA2_0.3_BP,3,BP,6,5.37,5,59.5,7,76,104.9
plant,soil,SSR,PSA2_0.5,0.5,PSA2_0.5_BP,4,BP,1,4.37,6,53.5,6,77,111.6
plant,soil,SSR,PSA2_0.5,0.5,PSA2_0.5_BP,4,BP,2,4.45,6,49,5,59,99.6
plant,soil,SSR,PSA2_0.5,0.5,PSA2_0.5_BP,4,BP,3,4.52,6,54.5,5,62,137.6
plant,soil,SSR,PSA2_0.5,0.5,PSA2_0.5_BP,4,BP,4,4.7,6,51.5,6,65,119
plant,soil,SSR,PSA2_0.5,0.5,PSA2_0.5_BP,4,BP,5,3.94,5,47,5,65,106.6
plant,soil,SSR,PSA2_0.5,0.5,PSA2_0.5_BP,4,BP,6,3.95,5,52.5,4,75,104
plant,soil,SSR,PSA2_0.0,0,PSA2_0.0_KW,1,KW,1,4.08,8,66.5,3,64,99
plant,soil,SSR,PSA2_0.0,0,PSA2_0.0_KW,1,KW,2,4.92,7,63.5,3,65,74.5
plant,soil,SSR,PSA2_0.0,0,PSA2_0.0_KW,1,KW,3,3.86,7,56.7,3,65,90.8
plant,soil,SSR,PSA2_0.0,0,PSA2_0.0_KW,1,KW,4,4.03,7,54.5,2,65,117.7
plant,soil,SSR,PSA2_0.0,0,PSA2_0.0_KW,1,KW,5,4.63,7,63.5,4,63,134
plant,soil,SSR,PSA2_0.0,0,PSA2_0.0_KW,1,KW,6,4.89,7,61,4,60,125.1
plant,soil,SSR,PSA2_0.1,0.1,PSA2_0.1_KW,2,KW,1,4.36,7,66.5,4,61,109.4
plant,soil,SSR,PSA2_0.1,0.1,PSA2_0.1_KW,2,KW,2,4.23,7,67,6,65,128.7
plant,soil,SSR,PSA2_0.1,0.1,PSA2_0.1_KW,2,KW,3,4.26,7,58.5,5,65,119.4
plant,soil,SSR,PSA2_0.1,0.1,PSA2_0.1_KW,2,KW,4,4.29,7,64.5,4,60,125.5
plant,soil,SSR,PSA2_0.1,0.1,PSA2_0.1_KW,2,KW,5,4.13,7,65.5,5,62,130.5
plant,soil,SSR,PSA2_0.1,0.1,PSA2_0.1_KW,2,KW,6,4.41,6,58.5,4,64,112.5
plant,soil,SSR,PSA2_0.3,0.3,PSA2_0.3_KW,3,KW,1,4.5,7,63.5,4,65,133.8
plant,soil,SSR,PSA2_0.3,0.3,PSA2_0.3_KW,3,KW,2,4.05,6,59.5,5,59,124.7
plant,soil,SSR,PSA2_0.3,0.3,PSA2_0.3_KW,3,KW,3,4.88,7,60,5,59,130.6
plant,soil,SSR,PSA2_0.3,0.3,PSA2_0.3_KW,3,KW,4,4.36,6,58,4,77,115.7
plant,soil,SSR,PSA2_0.3,0.3,PSA2_0.3_KW,3,KW,5,5.2,6,49.5,4,62,89.4
plant,soil,SSR,PSA2_0.3,0.3,PSA2_0.3_KW,3,KW,6,4.04,6,50,5,65,115
plant,soil,SSR,PSA2_0.5,0.5,PSA2_0.5_KW,4,KW,1,4.44,7,68,7,76,89.1
plant,soil,SSR,PSA2_0.5,0.5,PSA2_0.5_KW,4,KW,2,4.09,6,52.5,4,62,67.2
plant,soil,SSR,PSA2_0.5,0.5,PSA2_0.5_KW,4,KW,3,4.63,7,58,4,65,103.8
plant,soil,SSR,PSA2_0.5,0.5,PSA2_0.5_KW,4,KW,4,5.04,7,66.5,5,65,98.6
plant,soil,SSR,PSA2_0.5,0.5,PSA2_0.5_KW,4,KW,5,5.02,6,70,5,65,101.9
plant,soil,SSR,PSA2_0.5,0.5,PSA2_0.5_KW,4,KW,6,5,6,58,4,75,137.7
plant,soil,PSC1,PSC1_0.0,0,PSC1_0.0_AG,1,AG,1,3.73,8,58.5,5,56,104.5
plant,soil,PSC1,PSC1_0.0,0,PSC1_0.0_AG,1,AG,2,3.86,8,58,4,59,114
plant,soil,PSC1,PSC1_0.0,0,PSC1_0.0_AG,1,AG,3,3.65,8,47,4,59,99.9
plant,soil,PSC1,PSC1_0.0,0,PSC1_0.0_AG,1,AG,4,4.33,7,49,3,59,108.4
plant,soil,PSC1,PSC1_0.0,0,PSC1_0.0_AG,1,AG,5,4.03,7,61.5,4,57,96.6
plant,soil,PSC1,PSC1_0.0,0,PSC1_0.0_AG,1,AG,6,3.67,8,50.5,4,68,91.4
plant,soil,PSC1,PSC1_0.1,0.1,PSC1_0.1_AG,2,AG,1,3.87,8,48,5,59,113.3
plant,soil,PSC1,PSC1_0.1,0.1,PSC1_0.1_AG,2,AG,2,3.92,9,52,5,59,115.2
plant,soil,PSC1,PSC1_0.1,0.1,PSC1_0.1_AG,2,AG,3,3.69,8,49.5,6,59,103.1
plant,soil,PSC1,PSC1_0.1,0.1,PSC1_0.1_AG,2,AG,4,3.62,9,60,5,59,103.9
plant,soil,PSC1,PSC1_0.1,0.1,PSC1_0.1_AG,2,AG,5,3.9,10,60,3,65,112.7
plant,soil,PSC1,PSC1_0.1,0.1,PSC1_0.1_AG,2,AG,6,3.5,9,56.5,4,59,113.3
plant,soil,PSC1,PSC1_0.3,0.3,PSC1_0.3_AG,3,AG,1,4.27,8,51.5,5,59,99.6
plant,soil,PSC1,PSC1_0.3,0.3,PSC1_0.3_AG,3,AG,2,4.15,10,56.5,5,60,116.8
plant,soil,PSC1,PSC1_0.3,0.3,PSC1_0.3_AG,3,AG,3,3.86,8,48.5,3,61,104.9
plant,soil,PSC1,PSC1_0.3,0.3,PSC1_0.3_AG,3,AG,4,3.17,9,46.5,3,68,113.6
plant,soil,PSC1,PSC1_0.3,0.3,PSC1_0.3_AG,3,AG,5,3.81,9,54.5,4,68,104.7
plant,soil,PSC1,PSC1_0.3,0.3,PSC1_0.3_AG,3,AG,6,4.2,9,60,6,65,112.8
plant,soil,PSC1,PSC1_0.5,0.5,PSC1_0.5_AG,4,AG,1,3.3,8,50,5,65,84.4
plant,soil,PSC1,PSC1_0.5,0.5,PSC1_0.5_AG,4,AG,2,4.68,9,56,3,62,92.1
plant,soil,PSC1,PSC1_0.5,0.5,PSC1_0.5_AG,4,AG,3,3.14,7,54.5,3,64,65.5
plant,soil,PSC1,PSC1_0.5,0.5,PSC1_0.5_AG,4,AG,4,4.25,10,53.5,4,65,110
plant,soil,PSC1,PSC1_0.5,0.5,PSC1_0.5_AG,4,AG,5,3.91,9,53,4,68,96.9
plant,soil,PSC1,PSC1_0.5,0.5,PSC1_0.5_AG,4,AG,6,3.72,8,50.5,4,73,93.2
plant,soil,PSC1,PSC1_0.0,0,PSC1_0.0_KP,1,CP,1,4.43,8,50.5,4,56,99.5
plant,soil,PSC1,PSC1_0.0,0,PSC1_0.0_KP,1,CP,2,4.96,8,47,4,59,89.6
plant,soil,PSC1,PSC1_0.0,0,PSC1_0.0_KP,1,CP,3,4.28,8,54.5,5,59,82.8
plant,soil,PSC1,PSC1_0.0,0,PSC1_0.0_KP,1,CP,4,4.57,7,49.5,5,59,82.6
plant,soil,PSC1,PSC1_0.0,0,PSC1_0.0_KP,1,CP,5,4.75,7,60.5,3,61,93.1
plant,soil,PSC1,PSC1_0.0,0,PSC1_0.0_KP,1,CP,6,3.74,8,65.5,3,59,72.6
plant,soil,PSC1,PSC1_0.1,0.1,PSC1_0.1_KP,2,CP,1,3.21,7,54,3,56,79.7
plant,soil,PSC1,PSC1_0.1,0.1,PSC1_0.1_KP,2,CP,2,3.15,7,46.5,4,56,54.1
plant,soil,PSC1,PSC1_0.1,0.1,PSC1_0.1_KP,2,CP,3,4.13,7,57.5,3,59,83.2
plant,soil,PSC1,PSC1_0.1,0.1,PSC1_0.1_KP,2,CP,4,4.37,8,60.5,5,59,96.1
plant,soil,PSC1,PSC1_0.1,0.1,PSC1_0.1_KP,2,CP,5,5,8,52.5,4,59,88.9
plant,soil,PSC1,PSC1_0.1,0.1,PSC1_0.1_KP,2,CP,6,4.63,8,54.5,3,61,76.4
plant,soil,PSC1,PSC1_0.3,0.3,PSC1_0.3_KP,3,CP,1,5.02,9,47.5,5,62,78.9
plant,soil,PSC1,PSC1_0.3,0.3,PSC1_0.3_KP,3,CP,2,4.35,8,47,4,59,103.4
plant,soil,PSC1,PSC1_0.3,0.3,PSC1_0.3_KP,3,CP,3,4.26,8,61,4,59,90.9
plant,soil,PSC1,PSC1_0.3,0.3,PSC1_0.3_KP,3,CP,4,3.91,9,56.5,5,59,97
plant,soil,PSC1,PSC1_0.3,0.3,PSC1_0.3_KP,3,CP,5,4.02,9,61,5,64,75.2
plant,soil,PSC1,PSC1_0.3,0.3,PSC1_0.3_KP,3,CP,6,5.49,8,49.5,4,59,76.8
plant,soil,PSC1,PSC1_0.5,0.5,PSC1_0.5_KP,4,CP,1,5.06,9,53,5,59,85.6
plant,soil,PSC1,PSC1_0.5,0.5,PSC1_0.5_KP,4,CP,2,NA,9,65,5,63,80.2
plant,soil,PSC1,PSC1_0.5,0.5,PSC1_0.5_KP,4,CP,3,4.52,NA,NA,NA,NA,NA
plant,soil,PSC1,PSC1_0.5,0.5,PSC1_0.5_KP,4,CP,4,4.71,9,63,4,65,85.5
plant,soil,PSC1,PSC1_0.5,0.5,PSC1_0.5_KP,4,CP,5,4.3,8,59,4,61,97
plant,soil,PSC1,PSC1_0.5,0.5,PSC1_0.5_KP,4,CP,6,4.32,8,68,5,59,119.3
plant,soil,PSC1,PSC1_0.0,0,PSC1_0.0_BP,1,BP,1,4.34,6,43,5,56,98.6
plant,soil,PSC1,PSC1_0.0,0,PSC1_0.0_BP,1,BP,2,4.99,6,51,6,73,96
plant,soil,PSC1,PSC1_0.0,0,PSC1_0.0_BP,1,BP,3,4.73,5,56,5,62,89.1
plant,soil,PSC1,PSC1_0.0,0,PSC1_0.0_BP,1,BP,4,3.84,5,51.5,4,59,110.6
plant,soil,PSC1,PSC1_0.0,0,PSC1_0.0_BP,1,BP,5,4.75,6,69,4,64,102.6
plant,soil,PSC1,PSC1_0.0,0,PSC1_0.0_BP,1,BP,6,5.3,6,54.5,5,65,116.6
plant,soil,PSC1,PSC1_0.1,0.1,PSC1_0.1_BP,2,BP,1,4.93,6,63,6,59,109.2
plant,soil,PSC1,PSC1_0.1,0.1,PSC1_0.1_BP,2,BP,2,4.61,6,52.5,5,65,100
plant,soil,PSC1,PSC1_0.1,0.1,PSC1_0.1_BP,2,BP,3,4.91,6,50.5,6,65,95
plant,soil,PSC1,PSC1_0.1,0.1,PSC1_0.1_BP,2,BP,4,5.04,5,42.5,4,60,115.7
plant,soil,PSC1,PSC1_0.1,0.1,PSC1_0.1_BP,2,BP,5,4.74,6,59,4,61,116.2
plant,soil,PSC1,PSC1_0.1,0.1,PSC1_0.1_BP,2,BP,6,5.17,5,46.5,4,76,117.9
plant,soil,PSC1,PSC1_0.3,0.3,PSC1_0.3_BP,3,BP,1,5.35,6,64.5,6,65,108.9
plant,soil,PSC1,PSC1_0.3,0.3,PSC1_0.3_BP,3,BP,2,4.78,6,72,6,64,108.1
plant,soil,PSC1,PSC1_0.3,0.3,PSC1_0.3_BP,3,BP,3,5.3,6,61.5,6,65,121.6
plant,soil,PSC1,PSC1_0.3,0.3,PSC1_0.3_BP,3,BP,4,4.48,5,53.5,4,65,106.3
plant,soil,PSC1,PSC1_0.3,0.3,PSC1_0.3_BP,3,BP,5,4.39,6,53,5,56,117.4
plant,soil,PSC1,PSC1_0.3,0.3,PSC1_0.3_BP,3,BP,6,4.94,6,57,4,59,106.5
plant,soil,PSC1,PSC1_0.5,0.5,PSC1_0.5_BP,4,BP,1,4.31,6,54,4,61,107.1
plant,soil,PSC1,PSC1_0.5,0.5,PSC1_0.5_BP,4,BP,2,4.88,6,50.5,3,62,112
plant,soil,PSC1,PSC1_0.5,0.5,PSC1_0.5_BP,4,BP,3,4.27,6,64,4,65,113.6
plant,soil,PSC1,PSC1_0.5,0.5,PSC1_0.5_BP,4,BP,4,4.41,6,56,4,60,104.3
plant,soil,PSC1,PSC1_0.5,0.5,PSC1_0.5_BP,4,BP,5,4.07,5,51.5,4,56,114.8
plant,soil,PSC1,PSC1_0.5,0.5,PSC1_0.5_BP,4,BP,6,4.6,5,50,3,59,116.6
plant,soil,PSC1,PSC1_0.0,0,PSC1_0.0_KW,1,KW,1,4.08,8,66.5,3,64,98.98
plant,soil,PSC1,PSC1_0.0,0,PSC1_0.0_KW,1,KW,2,4.92,7,63.5,3,65,74.5
plant,soil,PSC1,PSC1_0.0,0,PSC1_0.0_KW,1,KW,3,3.86,7,56.7,3,65,90.8
plant,soil,PSC1,PSC1_0.0,0,PSC1_0.0_KW,1,KW,4,4.03,7,54.5,2,65,117.7
plant,soil,PSC1,PSC1_0.0,0,PSC1_0.0_KW,1,KW,5,4.63,7,63.5,4,63,134
plant,soil,PSC1,PSC1_0.0,0,PSC1_0.0_KW,1,KW,6,4.89,7,61,4,60,125.1
plant,soil,PSC1,PSC1_0.1,0.1,PSC1_0.1_KW,2,KW,1,3.95,8,63,3,65,121.9
plant,soil,PSC1,PSC1_0.1,0.1,PSC1_0.1_KW,2,KW,2,4.15,8,58,3,68,122.7
plant,soil,PSC1,PSC1_0.1,0.1,PSC1_0.1_KW,2,KW,3,4.27,7,57.5,3,68,122.5
plant,soil,PSC1,PSC1_0.1,0.1,PSC1_0.1_KW,2,KW,4,4.35,8,70,3,59,142.9
plant,soil,PSC1,PSC1_0.1,0.1,PSC1_0.1_KW,2,KW,5,4.64,7,58.5,3,65,114.7
plant,soil,PSC1,PSC1_0.1,0.1,PSC1_0.1_KW,2,KW,6,4.29,7,60,4,75,111.5
plant,soil,PSC1,PSC1_0.3,0.3,PSC1_0.3_KW,3,KW,1,4.26,7,64,4,68,133
plant,soil,PSC1,PSC1_0.3,0.3,PSC1_0.3_KW,3,KW,2,4.18,7,57,4,61,122.3
plant,soil,PSC1,PSC1_0.3,0.3,PSC1_0.3_KW,3,KW,3,3.96,7,59.5,3,65,112.4
plant,soil,PSC1,PSC1_0.3,0.3,PSC1_0.3_KW,3,KW,4,3.55,5,52.5,4,65,112.8
plant,soil,PSC1,PSC1_0.3,0.3,PSC1_0.3_KW,3,KW,5,5.12,8,63,3,68,129.8
plant,soil,PSC1,PSC1_0.3,0.3,PSC1_0.3_KW,3,KW,6,4.17,7,63.5,4,74,121.6
plant,soil,PSC1,PSC1_0.5,0.5,PSC1_0.5_KW,4,KW,1,3.79,7,53,3,64,96.2
plant,soil,PSC1,PSC1_0.5,0.5,PSC1_0.5_KW,4,KW,2,4.37,7,63.5,3,65,99.7
plant,soil,PSC1,PSC1_0.5,0.5,PSC1_0.5_KW,4,KW,3,5.39,7,62,3,65,106
plant,soil,PSC1,PSC1_0.5,0.5,PSC1_0.5_KW,4,KW,4,4.15,7,43,4,62,113.6
plant,soil,PSC1,PSC1_0.5,0.5,PSC1_0.5_KW,4,KW,5,3.86,7,54.5,4,65,113.8
plant,soil,PSC1,PSC1_0.5,0.5,PSC1_0.5_KW,4,KW,6,2.94,7,60,3,65,137
plant,Nutrient solution,HSV,NSA1_0.0,0,NSA1_0.0_AG,1,AG,1,3.03,7,64,3,56,108
plant,Nutrient solution,HSV,NSA1_0.0,0,NSA1_0.0_AG,1,AG,2,3.24,8,55.5,2,65,103.9
plant,Nutrient solution,HSV,NSA1_0.0,0,NSA1_0.0_AG,1,AG,3,3.81,8,57.8,2,59,121.2
plant,Nutrient solution,HSV,NSA1_0.0,0,NSA1_0.0_AG,1,AG,4,3.91,7,45,4,59,133.3
plant,Nutrient solution,HSV,NSA1_0.0,0,NSA1_0.0_AG,1,AG,5,3.6,7,43.5,2,59,118.2
plant,Nutrient solution,HSV,NSA1_0.0,0,NSA1_0.0_AG,1,AG,6,2.88,8,54,2,59,88.6
plant,Nutrient solution,HSV,NSA1_0.1,0.1,NSA1_0.1_AG,2,AG,1,3.23,8,43,2,59,100.6
plant,Nutrient solution,HSV,NSA1_0.1,0.1,NSA1_0.1_AG,2,AG,2,3.2,8,53.5,2,61,99.6
plant,Nutrient solution,HSV,NSA1_0.1,0.1,NSA1_0.1_AG,2,AG,3,3.82,9,49,3,76,56.4
plant,Nutrient solution,HSV,NSA1_0.1,0.1,NSA1_0.1_AG,2,AG,4,3.3,9,39,2,77,75.9
plant,Nutrient solution,HSV,NSA1_0.1,0.1,NSA1_0.1_AG,2,AG,5,3.68,10,42,2,75,103
plant,Nutrient solution,HSV,NSA1_0.1,0.1,NSA1_0.1_AG,2,AG,6,3.26,8,46.5,2,80,98.2
plant,Nutrient solution,HSV,NSA1_0.3,0.3,NSA1_0.3_AG,3,AG,1,4.01,9,56,3,65,105
plant,Nutrient solution,HSV,NSA1_0.3,0.3,NSA1_0.3_AG,3,AG,2,3.39,8,51.5,2,65,111.7
plant,Nutrient solution,HSV,NSA1_0.3,0.3,NSA1_0.3_AG,3,AG,3,3.76,8,48.5,2,65,114
plant,Nutrient solution,HSV,NSA1_0.3,0.3,NSA1_0.3_AG,3,AG,4,3.33,8,44,2,65,96.3
plant,Nutrient solution,HSV,NSA1_0.3,0.3,NSA1_0.3_AG,3,AG,5,4.5,12,54,4,68,104.5
plant,Nutrient solution,HSV,NSA1_0.3,0.3,NSA1_0.3_AG,3,AG,6,3.87,7,48,3,68,93.2
plant,Nutrient solution,HSV,NSA1_0.5,0.5,NSA1_0.5_AG,4,AG,1,3.83,8,61.5,2,59,114
plant,Nutrient solution,HSV,NSA1_0.5,0.5,NSA1_0.5_AG,4,AG,2,3.36,7,49,2,65,90.6
plant,Nutrient solution,HSV,NSA1_0.5,0.5,NSA1_0.5_AG,4,AG,3,3.57,7,50,3,65,70.7
plant,Nutrient solution,HSV,NSA1_0.5,0.5,NSA1_0.5_AG,4,AG,4,3.14,8,51,2,65,114.5
plant,Nutrient solution,HSV,NSA1_0.5,0.5,NSA1_0.5_AG,4,AG,5,4.61,8,56.5,2,65,136.2
plant,Nutrient solution,HSV,NSA1_0.5,0.5,NSA1_0.5_AG,4,AG,6,3.06,7,43,3,68,103.8
plant,Nutrient solution,HSV,NSA1_0.0,0,NSA1_0.0_KP,1,CP,1,3.27,8,60.5,2,59,104
plant,Nutrient solution,HSV,NSA1_0.0,0,NSA1_0.0_KP,1,CP,2,4.43,8,57,2,59,128
plant,Nutrient solution,HSV,NSA1_0.0,0,NSA1_0.0_KP,1,CP,3,4.65,8,56,4,76,87.9
plant,Nutrient solution,HSV,NSA1_0.0,0,NSA1_0.0_KP,1,CP,4,4.05,9,67.6,3,65,97.3
plant,Nutrient solution,HSV,NSA1_0.0,0,NSA1_0.0_KP,1,CP,5,3.72,8,53.5,3,65,92.9
plant,Nutrient solution,HSV,NSA1_0.0,0,NSA1_0.0_KP,1,CP,6,4.69,8,56,2,64,120
plant,Nutrient solution,HSV,NSA1_0.1,0.1,NSA1_0.1_KP,2,CP,1,4.28,7,65,2,65,95.9
plant,Nutrient solution,HSV,NSA1_0.1,0.1,NSA1_0.1_KP,2,CP,2,4.3,8,70.5,2,64,126.7
plant,Nutrient solution,HSV,NSA1_0.1,0.1,NSA1_0.1_KP,2,CP,3,4.51,7,63.5,3,65,98.1
plant,Nutrient solution,HSV,NSA1_0.1,0.1,NSA1_0.1_KP,2,CP,4,3.84,7,57,3,65,117.2
plant,Nutrient solution,HSV,NSA1_0.1,0.1,NSA1_0.1_KP,2,CP,5,4.12,8,62,3,65,116.6
plant,Nutrient solution,HSV,NSA1_0.1,0.1,NSA1_0.1_KP,2,CP,6,4.59,9,63,3,65,108.2
plant,Nutrient solution,HSV,NSA1_0.3,0.3,NSA1_0.3_KP,3,CP,1,4.07,7,56,3,65,102.8
plant,Nutrient solution,HSV,NSA1_0.3,0.3,NSA1_0.3_KP,3,CP,2,4.03,8,61,4,63,129.6
plant,Nutrient solution,HSV,NSA1_0.3,0.3,NSA1_0.3_KP,3,CP,3,4.44,9,73,4,65,105.3
plant,Nutrient solution,HSV,NSA1_0.3,0.3,NSA1_0.3_KP,3,CP,4,4.14,8,57,3,65,129.2
plant,Nutrient solution,HSV,NSA1_0.3,0.3,NSA1_0.3_KP,3,CP,5,3.81,8,56.5,2,62,131.2
plant,Nutrient solution,HSV,NSA1_0.3,0.3,NSA1_0.3_KP,3,CP,6,4.02,7,48,2,62,102.6
plant,Nutrient solution,HSV,NSA1_0.5,0.5,NSA1_0.5_KP,4,CP,1,4.87,9,70.5,3,65,114.2
plant,Nutrient solution,HSV,NSA1_0.5,0.5,NSA1_0.5_KP,4,CP,2,4.05,7,48.5,3,68,100.5
plant,Nutrient solution,HSV,NSA1_0.5,0.5,NSA1_0.5_KP,4,CP,3,4.82,8,58,3,68,94.7
plant,Nutrient solution,HSV,NSA1_0.5,0.5,NSA1_0.5_KP,4,CP,4,4.54,8,59,4,65,97.2
plant,Nutrient solution,HSV,NSA1_0.5,0.5,NSA1_0.5_KP,4,CP,5,4.49,8,56,5,75,80.9
plant,Nutrient solution,HSV,NSA1_0.5,0.5,NSA1_0.5_KP,4,CP,6,4.61,8,64,3,65,108.1
plant,Nutrient solution,HSV,NSA1_0.0,0,NSA1_0.0_BP,1,BP,1,3.72,6,47.5,3,56,128.9
plant,Nutrient solution,HSV,NSA1_0.0,0,NSA1_0.0_BP,1,BP,2,3.59,6,61.5,2,56,113.8
plant,Nutrient solution,HSV,NSA1_0.0,0,NSA1_0.0_BP,1,BP,3,4.88,7,67,4,59,122.9
plant,Nutrient solution,HSV,NSA1_0.0,0,NSA1_0.0_BP,1,BP,4,4.2,6,62.5,2,59,72.3
plant,Nutrient solution,HSV,NSA1_0.0,0,NSA1_0.0_BP,1,BP,5,3.59,6,45,4,61,104.5
plant,Nutrient solution,HSV,NSA1_0.0,0,NSA1_0.0_BP,1,BP,6,3.77,6,46.5,3,72,134
plant,Nutrient solution,HSV,NSA1_0.1,0.1,NSA1_0.1_BP,2,BP,1,5.04,6,61,4,68,138.6
plant,Nutrient solution,HSV,NSA1_0.1,0.1,NSA1_0.1_BP,2,BP,2,4.08,6,46.5,3,68,120.6
plant,Nutrient solution,HSV,NSA1_0.1,0.1,NSA1_0.1_BP,2,BP,3,3.7,6,50,3,65,122.6
plant,Nutrient solution,HSV,NSA1_0.1,0.1,NSA1_0.1_BP,2,BP,4,4.32,7,23,3,68,108.9
plant,Nutrient solution,HSV,NSA1_0.1,0.1,NSA1_0.1_BP,2,BP,5,4.74,6,49,4,65,138.7
plant,Nutrient solution,HSV,NSA1_0.1,0.1,NSA1_0.1_BP,2,BP,6,4.28,6,45.5,4,65,109.7
plant,Nutrient solution,HSV,NSA1_0.3,0.3,NSA1_0.3_BP,3,BP,1,4.58,7,55.5,4,64,140.2
plant,Nutrient solution,HSV,NSA1_0.3,0.3,NSA1_0.3_BP,3,BP,2,4.01,6,53.5,2,64,146.4
plant,Nutrient solution,HSV,NSA1_0.3,0.3,NSA1_0.3_BP,3,BP,3,3.33,5,40,2,65,118.7
plant,Nutrient solution,HSV,NSA1_0.3,0.3,NSA1_0.3_BP,3,BP,4,4.19,6,62.5,2,65,134.6
plant,Nutrient solution,HSV,NSA1_0.3,0.3,NSA1_0.3_BP,3,BP,5,4.46,7,58.5,2,65,144.9
plant,Nutrient solution,HSV,NSA1_0.3,0.3,NSA1_0.3_BP,3,BP,6,4.92,7,53,3,59,116.3
plant,Nutrient solution,HSV,NSA1_0.5,0.5,NSA1_0.5_BP,4,BP,1,3.93,6,48.5,3,56,136.9
plant,Nutrient solution,HSV,NSA1_0.5,0.5,NSA1_0.5_BP,4,BP,2,4.94,6,52,4,65,131.6
plant,Nutrient solution,HSV,NSA1_0.5,0.5,NSA1_0.5_BP,4,BP,3,4.05,6,50.5,2,75,133.6
plant,Nutrient solution,HSV,NSA1_0.5,0.5,NSA1_0.5_BP,4,BP,4,3.92,6,60,3,59,135.5
plant,Nutrient solution,HSV,NSA1_0.5,0.5,NSA1_0.5_BP,4,BP,5,4.4,7,50.5,3,77,139.5
plant,Nutrient solution,HSV,NSA1_0.5,0.5,NSA1_0.5_BP,4,BP,6,4.46,7,52,3,79,140.4
plant,Nutrient solution,HSV,NSA1_0.0,0,NSA1_0.0_KW,1,KW,1,4.09,7,52,3,65,117.4
plant,Nutrient solution,HSV,NSA1_0.0,0,NSA1_0.0_KW,1,KW,2,3.51,7,61.5,2,65,130
plant,Nutrient solution,HSV,NSA1_0.0,0,NSA1_0.0_KW,1,KW,3,4.38,8,61,4,59,122.2
plant,Nutrient solution,HSV,NSA1_0.0,0,NSA1_0.0_KW,1,KW,4,3.38,8,55,3,65,143.6
plant,Nutrient solution,HSV,NSA1_0.0,0,NSA1_0.0_KW,1,KW,5,3.87,7,59,3,65,117.3
plant,Nutrient solution,HSV,NSA1_0.0,0,NSA1_0.0_KW,1,KW,6,4,7,57.5,3,62,129.8
plant,Nutrient solution,HSV,NSA1_0.1,0.1,NSA1_0.1_KW,2,KW,1,4.17,7,61,2,59,153.7
plant,Nutrient solution,HSV,NSA1_0.1,0.1,NSA1_0.1_KW,2,KW,2,3.71,7,58,3,61,139.7
plant,Nutrient solution,HSV,NSA1_0.1,0.1,NSA1_0.1_KW,2,KW,3,3.8,7,59,2,62,163.9
plant,Nutrient solution,HSV,NSA1_0.1,0.1,NSA1_0.1_KW,2,KW,4,3.87,8,58,3,65,150.3
plant,Nutrient solution,HSV,NSA1_0.1,0.1,NSA1_0.1_KW,2,KW,5,5.03,7,63.5,3,65,145.3
plant,Nutrient solution,HSV,NSA1_0.1,0.1,NSA1_0.1_KW,2,KW,6,4.19,8,65.5,3,64,154
plant,Nutrient solution,HSV,NSA1_0.3,0.3,NSA1_0.3_KW,3,KW,1,3.08,6,34,4,76,130
plant,Nutrient solution,HSV,NSA1_0.3,0.3,NSA1_0.3_KW,3,KW,2,4.52,8,68,3,62,146.6
plant,Nutrient solution,HSV,NSA1_0.3,0.3,NSA1_0.3_KW,3,KW,3,4.25,7,60.5,3,68,131.6
plant,Nutrient solution,HSV,NSA1_0.3,0.3,NSA1_0.3_KW,3,KW,4,4.12,7,41,3,75,129.4
plant,Nutrient solution,HSV,NSA1_0.3,0.3,NSA1_0.3_KW,3,KW,5,5,7,58.5,4,76,160.6
plant,Nutrient solution,HSV,NSA1_0.3,0.3,NSA1_0.3_KW,3,KW,6,3.6,7,46,3,75,118.7
plant,Nutrient solution,HSV,NSA1_0.5,0.5,NSA1_0.5_KW,4,KW,1,3.87,8,54,3,74,148.9
plant,Nutrient solution,HSV,NSA1_0.5,0.5,NSA1_0.5_KW,4,KW,2,4.08,7,64.5,2,65,173
plant,Nutrient solution,HSV,NSA1_0.5,0.5,NSA1_0.5_KW,4,KW,3,3.65,8,56,3,77,130.1
plant,Nutrient solution,HSV,NSA1_0.5,0.5,NSA1_0.5_KW,4,KW,4,4.56,7,51,4,78,136.5
plant,Nutrient solution,HSV,NSA1_0.5,0.5,NSA1_0.5_KW,4,KW,5,4.2,7,59.5,3,75,138.4
plant,Nutrient solution,HSV,NSA1_0.5,0.5,NSA1_0.5_KW,4,KW,6,3.92,7,48,3,65,126.6
plant,Nutrient solution,HSR,NSA2_0.0,0,NSA2_0.0_AG,1,AG,1,4.19,8,52,4,64,115.4
plant,Nutrient solution,HSR,NSA2_0.0,0,NSA2_0.0_AG,1,AG,2,4.29,9,45,4,68,111
plant,Nutrient solution,HSR,NSA2_0.0,0,NSA2_0.0_AG,1,AG,3,3.63,8,52,4,65,111.8
plant,Nutrient solution,HSR,NSA2_0.0,0,NSA2_0.0_AG,1,AG,4,3.73,8,53,3,56,91.6
plant,Nutrient solution,HSR,NSA2_0.0,0,NSA2_0.0_AG,1,AG,5,3.51,9,41,2,59,122.7
plant,Nutrient solution,HSR,NSA2_0.0,0,NSA2_0.0_AG,1,AG,6,2.66,7,45.5,3,65,122.5
plant,Nutrient solution,HSR,NSA2_0.1,0.1,NSA2_0.1_AG,2,AG,1,3.65,9,45,4,65,115.6
plant,Nutrient solution,HSR,NSA2_0.1,0.1,NSA2_0.1_AG,2,AG,2,3.41,10,54.5,4,65,106.5
plant,Nutrient solution,HSR,NSA2_0.1,0.1,NSA2_0.1_AG,2,AG,3,3.81,9,41.5,4,56,106
plant,Nutrient solution,HSR,NSA2_0.1,0.1,NSA2_0.1_AG,2,AG,4,3.54,9,38.5,3,73,101.7
plant,Nutrient solution,HSR,NSA2_0.1,0.1,NSA2_0.1_AG,2,AG,5,3.34,8,47.5,2,56,99.9
plant,Nutrient solution,HSR,NSA2_0.1,0.1,NSA2_0.1_AG,2,AG,6,3.18,8,34,4,65,104.7
plant,Nutrient solution,HSR,NSA2_0.3,0.3,NSA2_0.3_AG,3,AG,1,3.48,7,45,4,65,107
plant,Nutrient solution,HSR,NSA2_0.3,0.3,NSA2_0.3_AG,3,AG,2,3.1,9,52.5,3,61,106.1
plant,Nutrient solution,HSR,NSA2_0.3,0.3,NSA2_0.3_AG,3,AG,3,3.23,9,51.5,4,65,106.5
plant,Nutrient solution,HSR,NSA2_0.3,0.3,NSA2_0.3_AG,3,AG,4,2.92,9,41,5,62,89.9
plant,Nutrient solution,HSR,NSA2_0.3,0.3,NSA2_0.3_AG,3,AG,5,3.94,9,46.5,5,56,124.5
plant,Nutrient solution,HSR,NSA2_0.3,0.3,NSA2_0.3_AG,3,AG,6,3.52,9,44.5,5,77,120.2
plant,Nutrient solution,HSR,NSA2_0.5,0.5,NSA2_0.5_AG,4,AG,1,3.13,9,46,6,65,106.5
plant,Nutrient solution,HSR,NSA2_0.5,0.5,NSA2_0.5_AG,4,AG,2,3.27,9,45,4,65,110.9
plant,Nutrient solution,HSR,NSA2_0.5,0.5,NSA2_0.5_AG,4,AG,3,3.44,9,36,3,68,105.3
plant,Nutrient solution,HSR,NSA2_0.5,0.5,NSA2_0.5_AG,4,AG,4,5,9,48,4,59,120.5
plant,Nutrient solution,HSR,NSA2_0.5,0.5,NSA2_0.5_AG,4,AG,5,3.55,9,51.5,6,64,127.1
plant,Nutrient solution,HSR,NSA2_0.5,0.5,NSA2_0.5_AG,4,AG,6,3.68,8,44,6,65,112.2
plant,Nutrient solution,HSR,NSA2_0.0,0,NSA2_0.0_KP,1,CP,1,3.64,7,56,3,59,90.1
plant,Nutrient solution,HSR,NSA2_0.0,0,NSA2_0.0_KP,1,CP,2,3.86,8,43.5,3,59,81.9
plant,Nutrient solution,HSR,NSA2_0.0,0,NSA2_0.0_KP,1,CP,3,3.98,6,36,3,64,86.5
plant,Nutrient solution,HSR,NSA2_0.0,0,NSA2_0.0_KP,1,CP,4,3.13,8,48,4,64,114.7
plant,Nutrient solution,HSR,NSA2_0.0,0,NSA2_0.0_KP,1,CP,5,4.06,9,46.5,4,67,82.9
plant,Nutrient solution,HSR,NSA2_0.0,0,NSA2_0.0_KP,1,CP,6,3.95,8,39,3,68,77.3
plant,Nutrient solution,HSR,NSA2_0.1,0.1,NSA2_0.1_KP,2,CP,1,4.37,9,45.5,3,65,114.5
plant,Nutrient solution,HSR,NSA2_0.1,0.1,NSA2_0.1_KP,2,CP,2,4.81,7,56.5,3,65,104.4
plant,Nutrient solution,HSR,NSA2_0.1,0.1,NSA2_0.1_KP,2,CP,3,4.65,9,58.5,5,64,103.3
plant,Nutrient solution,HSR,NSA2_0.1,0.1,NSA2_0.1_KP,2,CP,4,5.44,9,63,4,64,137.6
plant,Nutrient solution,HSR,NSA2_0.1,0.1,NSA2_0.1_KP,2,CP,5,4.96,6,56.5,4,62,126.3
plant,Nutrient solution,HSR,NSA2_0.1,0.1,NSA2_0.1_KP,2,CP,6,4.23,8,53,4,65,114.5
plant,Nutrient solution,HSR,NSA2_0.3,0.3,NSA2_0.3_KP,3,CP,1,5.16,9,59,5,59,122.8
plant,Nutrient solution,HSR,NSA2_0.3,0.3,NSA2_0.3_KP,3,CP,2,4.07,9,54.5,3,65,110.3
plant,Nutrient solution,HSR,NSA2_0.3,0.3,NSA2_0.3_KP,3,CP,3,3.68,8,48,3,65,104.8
plant,Nutrient solution,HSR,NSA2_0.3,0.3,NSA2_0.3_KP,3,CP,4,4.2,8,55,4,59,108.5
plant,Nutrient solution,HSR,NSA2_0.3,0.3,NSA2_0.3_KP,3,CP,5,4.24,7,50,5,61,102
plant,Nutrient solution,HSR,NSA2_0.3,0.3,NSA2_0.3_KP,3,CP,6,4.21,8,53.5,5,65,117.2
plant,Nutrient solution,HSR,NSA2_0.5,0.5,NSA2_0.5_KP,4,CP,1,4.49,8,49,4,65,123.4
plant,Nutrient solution,HSR,NSA2_0.5,0.5,NSA2_0.5_KP,4,CP,2,4.53,9,51.5,3,68,123.9
plant,Nutrient solution,HSR,NSA2_0.5,0.5,NSA2_0.5_KP,4,CP,3,4.39,9,60.5,4,65,115.1
plant,Nutrient solution,HSR,NSA2_0.5,0.5,NSA2_0.5_KP,4,CP,4,4.7,9,55,4,65,118.4
plant,Nutrient solution,HSR,NSA2_0.5,0.5,NSA2_0.5_KP,4,CP,5,4.26,8,56.5,4,62,133.7
plant,Nutrient solution,HSR,NSA2_0.5,0.5,NSA2_0.5_KP,4,CP,6,4.07,8,52.5,6,65,106.7
plant,Nutrient solution,HSR,NSA2_0.0,0,NSA2_0.0_BP,1,BP,1,3.83,6,53.5,4,56,107.5
plant,Nutrient solution,HSR,NSA2_0.0,0,NSA2_0.0_BP,1,BP,2,3.63,7,46,4,56,118.2
plant,Nutrient solution,HSR,NSA2_0.0,0,NSA2_0.0_BP,1,BP,3,4.97,6,50.5,3,59,101.4
plant,Nutrient solution,HSR,NSA2_0.0,0,NSA2_0.0_BP,1,BP,4,3.24,6,49,4,65,119
plant,Nutrient solution,HSR,NSA2_0.0,0,NSA2_0.0_BP,1,BP,5,4.07,6,52.5,4,65,111.7
plant,Nutrient solution,HSR,NSA2_0.0,0,NSA2_0.0_BP,1,BP,6,4.2,6,51.5,4,68,145.5
plant,Nutrient solution,HSR,NSA2_0.1,0.1,NSA2_0.1_BP,2,BP,1,5.49,6,54.5,4,61,142.6
plant,Nutrient solution,HSR,NSA2_0.1,0.1,NSA2_0.1_BP,2,BP,2,4.11,6,42.5,4,62,114.6
plant,Nutrient solution,HSR,NSA2_0.1,0.1,NSA2_0.1_BP,2,BP,3,3.9,6,44.5,4,65,124.3
plant,Nutrient solution,HSR,NSA2_0.1,0.1,NSA2_0.1_BP,2,BP,4,4.68,7,54,4,65,165.9
plant,Nutrient solution,HSR,NSA2_0.1,0.1,NSA2_0.1_BP,2,BP,5,3.96,6,48.5,4,68,144.4
plant,Nutrient solution,HSR,NSA2_0.1,0.1,NSA2_0.1_BP,2,BP,6,4.45,6,56.5,5,62,154.7
plant,Nutrient solution,HSR,NSA2_0.3,0.3,NSA2_0.3_BP,3,BP,1,3.45,6,53,3,56,134.9
plant,Nutrient solution,HSR,NSA2_0.3,0.3,NSA2_0.3_BP,3,BP,2,4.51,7,57,6,68,132
plant,Nutrient solution,HSR,NSA2_0.3,0.3,NSA2_0.3_BP,3,BP,3,3.9,5,43.5,4,68,109
plant,Nutrient solution,HSR,NSA2_0.3,0.3,NSA2_0.3_BP,3,BP,4,4.45,4,54.5,5,68,142
plant,Nutrient solution,HSR,NSA2_0.3,0.3,NSA2_0.3_BP,3,BP,5,4.69,6,49.5,3,65,124.1
plant,Nutrient solution,HSR,NSA2_0.3,0.3,NSA2_0.3_BP,3,BP,6,4.16,7,46.5,6,68,121.5
plant,Nutrient solution,HSR,NSA2_0.5,0.5,NSA2_0.5_BP,4,BP,1,5.59,7,60.5,6,68,126
plant,Nutrient solution,HSR,NSA2_0.5,0.5,NSA2_0.5_BP,4,BP,2,4.56,5,54.5,5,77,154.7
plant,Nutrient solution,HSR,NSA2_0.5,0.5,NSA2_0.5_BP,4,BP,3,4.28,5,48,4,75,123.9
plant,Nutrient solution,HSR,NSA2_0.5,0.5,NSA2_0.5_BP,4,BP,4,3.97,6,48,4,77,121.2
plant,Nutrient solution,HSR,NSA2_0.5,0.5,NSA2_0.5_BP,4,BP,5,3.87,6,43.5,3,80,127.1
plant,Nutrient solution,HSR,NSA2_0.5,0.5,NSA2_0.5_BP,4,BP,6,4.54,5,49.5,6,82,134
plant,Nutrient solution,HSR,NSA2_0.0,0,NSA2_0.0_KW,1,KW,1,4.14,6,43.5,5,66,121.1
plant,Nutrient solution,HSR,NSA2_0.0,0,NSA2_0.0_KW,1,KW,2,3.72,8,54,3,65,94.4
plant,Nutrient solution,HSR,NSA2_0.0,0,NSA2_0.0_KW,1,KW,3,4.45,7,43,4,66,126.2
plant,Nutrient solution,HSR,NSA2_0.0,0,NSA2_0.0_KW,1,KW,4,5.05,7,55,3,65,111.8
plant,Nutrient solution,HSR,NSA2_0.0,0,NSA2_0.0_KW,1,KW,5,4.67,7,51,3,65,127.1
plant,Nutrient solution,HSR,NSA2_0.0,0,NSA2_0.0_KW,1,KW,6,5.1,7,49.5,4,65,103.7
plant,Nutrient solution,HSR,NSA2_0.1,0.1,NSA2_0.1_KW,2,KW,1,4.45,6,49.5,4,65,138.3
plant,Nutrient solution,HSR,NSA2_0.1,0.1,NSA2_0.1_KW,2,KW,2,4.52,7,50.5,3,68,154
plant,Nutrient solution,HSR,NSA2_0.1,0.1,NSA2_0.1_KW,2,KW,3,3.97,7,46.5,3,68,144.5
plant,Nutrient solution,HSR,NSA2_0.1,0.1,NSA2_0.1_KW,2,KW,4,3.93,7,46,3,65,149.5
plant,Nutrient solution,HSR,NSA2_0.1,0.1,NSA2_0.1_KW,2,KW,5,4.23,8,51,5,64,122.2
plant,Nutrient solution,HSR,NSA2_0.1,0.1,NSA2_0.1_KW,2,KW,6,4.88,7,47.5,4,65,131.3
plant,Nutrient solution,HSR,NSA2_0.3,0.3,NSA2_0.3_KW,3,KW,1,5.36,8,49.5,3,65,89.5
plant,Nutrient solution,HSR,NSA2_0.3,0.3,NSA2_0.3_KW,3,KW,2,4.15,8,45.5,4,64,153.6
plant,Nutrient solution,HSR,NSA2_0.3,0.3,NSA2_0.3_KW,3,KW,3,3.52,7,52.5,3,59,126.3
plant,Nutrient solution,HSR,NSA2_0.3,0.3,NSA2_0.3_KW,3,KW,4,4.78,7,50.5,4,59,147.1
plant,Nutrient solution,HSR,NSA2_0.3,0.3,NSA2_0.3_KW,3,KW,5,4.26,7,45.5,4,77,139.4
plant,Nutrient solution,HSR,NSA2_0.3,0.3,NSA2_0.3_KW,3,KW,6,4.33,8,45,4,79,125
plant,Nutrient solution,HSR,NSA2_0.5,0.5,NSA2_0.5_KW,4,KW,1,4.72,7,48.5,4,77,142.6
plant,Nutrient solution,HSR,NSA2_0.5,0.5,NSA2_0.5_KW,4,KW,2,5.07,6,46.5,4,65,150.4
plant,Nutrient solution,HSR,NSA2_0.5,0.5,NSA2_0.5_KW,4,KW,3,4.03,7,51.5,3,56,126.3
plant,Nutrient solution,HSR,NSA2_0.5,0.5,NSA2_0.5_KW,4,KW,4,5.68,7,54.5,5,59,106.3
plant,Nutrient solution,HSR,NSA2_0.5,0.5,NSA2_0.5_KW,4,KW,5,3.48,7,46.5,3,68,106.5
plant,Nutrient solution,HSR,NSA2_0.5,0.5,NSA2_0.5_KW,4,KW,6,5.25,8,56,4,62,126.3
plant,Nutrient solution,NSA3,NSA3_0.0,0,NSA3_0.0_AG,1,AG,1,4.19,8,52,4,56,115.4
plant,Nutrient solution,NSA3,NSA3_0.0,0,NSA3_0.0_AG,1,AG,2,4.29,9,45,4,65,111.1
plant,Nutrient solution,NSA3,NSA3_0.0,0,NSA3_0.0_AG,1,AG,3,3.63,8,52,4,59,111.8
plant,Nutrient solution,NSA3,NSA3_0.0,0,NSA3_0.0_AG,1,AG,4,3.73,8,53,3,59,91.6
plant,Nutrient solution,NSA3,NSA3_0.0,0,NSA3_0.0_AG,1,AG,5,3.51,9,41,2,59,122.7
plant,Nutrient solution,NSA3,NSA3_0.0,0,NSA3_0.0_AG,1,AG,6,NA,NA,NA,NA,NA,NA
plant,Nutrient solution,NSA3,NSA3_0.1,0.1,NSA3_0.1_AG,2,AG,1,4.33,9,57,4,66,134
plant,Nutrient solution,NSA3,NSA3_0.1,0.1,NSA3_0.1_AG,2,AG,2,2.71,10,43,3,65,109.2
plant,Nutrient solution,NSA3,NSA3_0.1,0.1,NSA3_0.1_AG,2,AG,3,3.33,9,45,3,58,110.6
plant,Nutrient solution,NSA3,NSA3_0.1,0.1,NSA3_0.1_AG,2,AG,4,4.18,9,50,3,69,107.2
plant,Nutrient solution,NSA3,NSA3_0.1,0.1,NSA3_0.1_AG,2,AG,5,3.9,8,58,2,59,102.8
plant,Nutrient solution,NSA3,NSA3_0.1,0.1,NSA3_0.1_AG,2,AG,6,NA,NA,NA,NA,NA,NA
plant,Nutrient solution,NSA3,NSA3_0.3,0.3,NSA3_0.3_AG,3,AG,1,3.7,9,40,3,61,97.7
plant,Nutrient solution,NSA3,NSA3_0.3,0.3,NSA3_0.3_AG,3,AG,2,3.63,8,54,3,60,106.2
plant,Nutrient solution,NSA3,NSA3_0.3,0.3,NSA3_0.3_AG,3,AG,3,3.11,7,34,4,63,92.2
plant,Nutrient solution,NSA3,NSA3_0.3,0.3,NSA3_0.3_AG,3,AG,4,3.19,8,59,3,65,93.4
plant,Nutrient solution,NSA3,NSA3_0.3,0.3,NSA3_0.3_AG,3,AG,5,4.42,7,50,4,58,91
plant,Nutrient solution,NSA3,NSA3_0.3,0.3,NSA3_0.3_AG,3,AG,6,NA,NA,NA,NA,NA,NA
plant,Nutrient solution,NSA3,NSA3_0.5,0.5,NSA3_0.5_AG,4,AG,1,2.84,7,54,4,64,90.8
plant,Nutrient solution,NSA3,NSA3_0.5,0.5,NSA3_0.5_AG,4,AG,2,3.66,8,65,4,68,97.7
plant,Nutrient solution,NSA3,NSA3_0.5,0.5,NSA3_0.5_AG,4,AG,3,4.03,7,70,3,61,101.4
plant,Nutrient solution,NSA3,NSA3_0.5,0.5,NSA3_0.5_AG,4,AG,4,4.05,8,51,3,63,98.5
plant,Nutrient solution,NSA3,NSA3_0.5,0.5,NSA3_0.5_AG,4,AG,5,3.69,7,48,4,62,120.1
plant,Nutrient solution,NSA3,NSA3_0.5,0.5,NSA3_0.5_AG,4,AG,6,NA,NA,NA,NA,NA,NA
plant,Nutrient solution,NSA3,NSA3_0.0,0,NSA3_0.0-KP,1,CP,1,3.64,7,56,3,59,98.5
plant,Nutrient solution,NSA3,NSA3_0.0,0,NSA3_0.0-KP,1,CP,2,3.86,8,43.5,3,59,133
plant,Nutrient solution,NSA3,NSA3_0.0,0,NSA3_0.0-KP,1,CP,3,3.98,6,36,3,76,99.1
plant,Nutrient solution,NSA3,NSA3_0.0,0,NSA3_0.0-KP,1,CP,4,3.13,8,48,4,65,108.8
plant,Nutrient solution,NSA3,NSA3_0.0,0,NSA3_0.0-KP,1,CP,5,4.06,9,46.5,4,65,95.4
plant,Nutrient solution,NSA3,NSA3_0.0,0,NSA3_0.0-KP,1,CP,6,NA,NA,NA,NA,NA,NA
plant,Nutrient solution,NSA3,NSA3_0.1,0.1,NSA3_0.1-KP,2,CP,1,4.75,8,81,3,68,108
plant,Nutrient solution,NSA3,NSA3_0.1,0.1,NSA3_0.1-KP,2,CP,2,4.2,8,72,3,63,112.7
plant,Nutrient solution,NSA3,NSA3_0.1,0.1,NSA3_0.1-KP,2,CP,3,4.69,9,74,3,61,143.1
plant,Nutrient solution,NSA3,NSA3_0.1,0.1,NSA3_0.1-KP,2,CP,4,4.81,8,54,4,58,106.1
plant,Nutrient solution,NSA3,NSA3_0.1,0.1,NSA3_0.1-KP,2,CP,5,4.91,9,67,4,56,88.2
plant,Nutrient solution,NSA3,NSA3_0.1,0.1,NSA3_0.1-KP,2,CP,6,NA,NA,NA,NA,NA,NA
plant,Nutrient solution,NSA3,NSA3_0.3,0.3,NSA3_0.3-KP,3,CP,1,4.3,9,63,4,63,108
plant,Nutrient solution,NSA3,NSA3_0.3,0.3,NSA3_0.3-KP,3,CP,2,4.7,8,75,3,67,112.7
plant,Nutrient solution,NSA3,NSA3_0.3,0.3,NSA3_0.3-KP,3,CP,3,4.66,7,68,3,68,143.1
plant,Nutrient solution,NSA3,NSA3_0.3,0.3,NSA3_0.3-KP,3,CP,4,4.35,7,56,4,60,106.1
plant,Nutrient solution,NSA3,NSA3_0.3,0.3,NSA3_0.3-KP,3,CP,5,5.38,6,51,3,62,88.2
plant,Nutrient solution,NSA3,NSA3_0.3,0.3,NSA3_0.3-KP,3,CP,6,NA,NA,NA,NA,NA,NA
plant,Nutrient solution,NSA3,NSA3_0.5,0.5,NSA3_0.5-KP,4,CP,1,4.92,8,73,3,65,110.4
plant,Nutrient solution,NSA3,NSA3_0.5,0.5,NSA3_0.5-KP,4,CP,2,4.76,8,55,3,68,130
plant,Nutrient solution,NSA3,NSA3_0.5,0.5,NSA3_0.5-KP,4,CP,3,4.41,9,62,3,65,110.4
plant,Nutrient solution,NSA3,NSA3_0.5,0.5,NSA3_0.5-KP,4,CP,4,4.55,7,64,4,65,134.2
plant,Nutrient solution,NSA3,NSA3_0.5,0.5,NSA3_0.5-KP,4,CP,5,4.84,8,65,3,62,128.7
plant,Nutrient solution,NSA3,NSA3_0.5,0.5,NSA3_0.5-KP,4,CP,6,NA,NA,NA,NA,NA,NA
plant,Nutrient solution,NSA3,NSA3_0.0,0,NSA3_0.0_BP,1,BP,1,3.83,6,53.5,3,56,107.5
plant,Nutrient solution,NSA3,NSA3_0.0,0,NSA3_0.0_BP,1,BP,2,3.63,7,46,4,56,118.2
plant,Nutrient solution,NSA3,NSA3_0.0,0,NSA3_0.0_BP,1,BP,3,4.97,6,50.5,3,59,101.4
plant,Nutrient solution,NSA3,NSA3_0.0,0,NSA3_0.0_BP,1,BP,4,3.24,6,49,3,59,119
plant,Nutrient solution,NSA3,NSA3_0.0,0,NSA3_0.0_BP,1,BP,5,4.07,6,52.5,4,61,111.7
plant,Nutrient solution,NSA3,NSA3_0.0,0,NSA3_0.0_BP,1,BP,6,NA,NA,NA,NA,NA,NA
plant,Nutrient solution,NSA3,NSA3_0.1,0.1,NSA3_0.1_BP,2,BP,1,4.03,6,52,3,60,126.6
plant,Nutrient solution,NSA3,NSA3_0.1,0.1,NSA3_0.1_BP,2,BP,2,3.63,9,52,4,64,127.1
plant,Nutrient solution,NSA3,NSA3_0.1,0.1,NSA3_0.1_BP,2,BP,3,4.5,5,51,4,63,134.6
plant,Nutrient solution,NSA3,NSA3_0.1,0.1,NSA3_0.1_BP,2,BP,4,4.51,6,62,3,66,107.3
plant,Nutrient solution,NSA3,NSA3_0.1,0.1,NSA3_0.1_BP,2,BP,5,4.78,6,66,4,73,149
plant,Nutrient solution,NSA3,NSA3_0.1,0.1,NSA3_0.1_BP,2,BP,6,NA,NA,NA,NA,NA,NA
plant,Nutrient solution,NSA3,NSA3_0.3,0.3,NSA3_0.3_BP,3,BP,1,4.35,6,41,3,66,107.9
plant,Nutrient solution,NSA3,NSA3_0.3,0.3,NSA3_0.3_BP,3,BP,2,4.31,6,52,4,64,124.5
plant,Nutrient solution,NSA3,NSA3_0.3,0.3,NSA3_0.3_BP,3,BP,3,3.63,6,44,4,65,123.4
plant,Nutrient solution,NSA3,NSA3_0.3,0.3,NSA3_0.3_BP,3,BP,4,3.68,5,54,4,69,145.3
plant,Nutrient solution,NSA3,NSA3_0.3,0.3,NSA3_0.3_BP,3,BP,5,4.72,6,47,3,67,143.2
plant,Nutrient solution,NSA3,NSA3_0.3,0.3,NSA3_0.3_BP,3,BP,6,NA,NA,NA,NA,NA,NA
plant,Nutrient solution,NSA3,NSA3_0.5,0.5,NSA3_0.5_BP,4,BP,1,5.73,5,59,4,69,124.8
plant,Nutrient solution,NSA3,NSA3_0.5,0.5,NSA3_0.5_BP,4,BP,2,5.46,6,45,4,77,124.3
plant,Nutrient solution,NSA3,NSA3_0.5,0.5,NSA3_0.5_BP,4,BP,3,4.49,6,49,3,73,129.2
plant,Nutrient solution,NSA3,NSA3_0.5,0.5,NSA3_0.5_BP,4,BP,4,4.29,7,54,4,71,131.6
plant,Nutrient solution,NSA3,NSA3_0.5,0.5,NSA3_0.5_BP,4,BP,5,4.28,6,46,3,69,139.9
plant,Nutrient solution,NSA3,NSA3_0.5,0.5,NSA3_0.5_BP,4,BP,6,NA,NA,NA,NA,NA,NA
plant,Nutrient solution,NSA3,NSA3_0.0,0,NSA3_0.0_KW,1,KW,1,4.14,6,43.5,5,65,121.1
plant,Nutrient solution,NSA3,NSA3_0.0,0,NSA3_0.0_KW,1,KW,2,3.72,8,54,3,65,94.4
plant,Nutrient solution,NSA3,NSA3_0.0,0,NSA3_0.0_KW,1,KW,3,4.45,7,43,4,59,126.2
plant,Nutrient solution,NSA3,NSA3_0.0,0,NSA3_0.0_KW,1,KW,4,5.05,7,55,3,65,111.8
plant,Nutrient solution,NSA3,NSA3_0.0,0,NSA3_0.0_KW,1,KW,5,4.67,7,51,3,65,127.1
plant,Nutrient solution,NSA3,NSA3_0.0,0,NSA3_0.0_KW,1,KW,6,NA,NA,NA,NA,NA,NA
plant,Nutrient solution,NSA3,NSA3_0.1,0.1,NSA3_0.1_KW,2,KW,1,5.67,7,42,4,65,144.9
plant,Nutrient solution,NSA3,NSA3_0.1,0.1,NSA3_0.1_KW,2,KW,2,4.22,7,65,3,68,141.8
plant,Nutrient solution,NSA3,NSA3_0.1,0.1,NSA3_0.1_KW,2,KW,3,3.12,7,66,3,68,141.8
plant,Nutrient solution,NSA3,NSA3_0.1,0.1,NSA3_0.1_KW,2,KW,4,4.75,8,65,3,65,149.9
plant,Nutrient solution,NSA3,NSA3_0.1,0.1,NSA3_0.1_KW,2,KW,5,4.97,7,60,4,73,150.5
plant,Nutrient solution,NSA3,NSA3_0.1,0.1,NSA3_0.1_KW,2,KW,6,NA,NA,NA,NA,NA,NA
plant,Nutrient solution,NSA3,NSA3_0.3,0.3,NSA3_0.3_KW,3,KW,1,4.28,8,68,3,65,134.1
plant,Nutrient solution,NSA3,NSA3_0.3,0.3,NSA3_0.3_KW,3,KW,2,4.19,8,66,4,64,158.8
plant,Nutrient solution,NSA3,NSA3_0.3,0.3,NSA3_0.3_KW,3,KW,3,4.66,7,57,3,60,153
plant,Nutrient solution,NSA3,NSA3_0.3,0.3,NSA3_0.3_KW,3,KW,4,3.98,8,60,3,68,130
plant,Nutrient solution,NSA3,NSA3_0.3,0.3,NSA3_0.3_KW,3,KW,5,3.52,7,57,4,77,140.4
plant,Nutrient solution,NSA3,NSA3_0.3,0.3,NSA3_0.3_KW,3,KW,6,NA,NA,NA,NA,NA,NA
plant,Nutrient solution,NSA3,NSA3_0.5,0.5,NSA3_0.5_KW,4,KW,1,4.26,7,60,3,64,163.5
plant,Nutrient solution,NSA3,NSA3_0.5,0.5,NSA3_0.5_KW,4,KW,2,4.78,8,71,4,65,123.5
plant,Nutrient solution,NSA3,NSA3_0.5,0.5,NSA3_0.5_KW,4,KW,3,4.23,7,55,3,77,150.7
plant,Nutrient solution,NSA3,NSA3_0.5,0.5,NSA3_0.5_KW,4,KW,4,4.72,7,40,4,75,139.4
plant,Nutrient solution,NSA3,NSA3_0.5,0.5,NSA3_0.5_KW,4,KW,5,3.66,7,68,3,68,122.9
plant,Nutrient solution,NSA3,NSA3_0.5,0.5,NSA3_0.5_KW,4,KW,6,NA,NA,NA,NA,NA,NA
plant,Nutrient solution,NSC1,NSC1_0.0,0,NSC1_0.0_AG,1,AG,1,3.03,7,64,3,56,108
plant,Nutrient solution,NSC1,NSC1_0.0,0,NSC1_0.0_AG,1,AG,2,3.24,8,55.5,2,65,103.9
plant,Nutrient solution,NSC1,NSC1_0.0,0,NSC1_0.0_AG,1,AG,3,3.81,8,57.8,2,59,121.2
plant,Nutrient solution,NSC1,NSC1_0.0,0,NSC1_0.0_AG,1,AG,4,3.91,7,45,4,59,133.3
plant,Nutrient solution,NSC1,NSC1_0.0,0,NSC1_0.0_AG,1,AG,5,3.06,7,43.5,2,59,118.2
plant,Nutrient solution,NSC1,NSC1_0.0,0,NSC1_0.0_AG,1,AG,6,2.88,8,54,2,59,88.6
plant,Nutrient solution,NSC1,NSC1_0.1,0.1,NSC1_0.1_AG,2,AG,1,3.48,10,49.5,5,77,130.3
plant,Nutrient solution,NSC1,NSC1_0.1,0.1,NSC1_0.1_AG,2,AG,2,2.66,8,41.5,2,68,104.6
plant,Nutrient solution,NSC1,NSC1_0.1,0.1,NSC1_0.1_AG,2,AG,3,2.75,9,23.9,2,75,95.7
plant,Nutrient solution,NSC1,NSC1_0.1,0.1,NSC1_0.1_AG,2,AG,4,2.97,8,40.8,3,65,102.8
plant,Nutrient solution,NSC1,NSC1_0.1,0.1,NSC1_0.1_AG,2,AG,5,3.9,10,37.1,3,76,111.7
plant,Nutrient solution,NSC1,NSC1_0.1,0.1,NSC1_0.1_AG,2,AG,6,3.23,10,40.1,3,75,112
plant,Nutrient solution,NSC1,NSC1_0.3,0.3,NSC1_0.3_AG,3,AG,1,3.43,9,41.5,3,77,117.5
plant,Nutrient solution,NSC1,NSC1_0.3,0.3,NSC1_0.3_AG,3,AG,2,3.24,8,47.5,3,59,114.1
plant,Nutrient solution,NSC1,NSC1_0.3,0.3,NSC1_0.3_AG,3,AG,3,3.19,9,47.5,3,76,109
plant,Nutrient solution,NSC1,NSC1_0.3,0.3,NSC1_0.3_AG,3,AG,4,3.22,9,46,3,65,130.7
plant,Nutrient solution,NSC1,NSC1_0.3,0.3,NSC1_0.3_AG,3,AG,5,3.56,8,62,2,65,140.9
plant,Nutrient solution,NSC1,NSC1_0.3,0.3,NSC1_0.3_AG,3,AG,6,3.93,8,39.5,3,77,121.9
plant,Nutrient solution,NSC1,NSC1_0.5,0.5,NSC1_0.5_AG,4,AG,1,2.72,8,51,3,62,110.5
plant,Nutrient solution,NSC1,NSC1_0.5,0.5,NSC1_0.5_AG,4,AG,2,3.6,8,49.5,3,59,127.7
plant,Nutrient solution,NSC1,NSC1_0.5,0.5,NSC1_0.5_AG,4,AG,3,3.25,8,45,4,65,112.7
plant,Nutrient solution,NSC1,NSC1_0.5,0.5,NSC1_0.5_AG,4,AG,4,2.69,8,41,2,65,104.5
plant,Nutrient solution,NSC1,NSC1_0.5,0.5,NSC1_0.5_AG,4,AG,5,2.64,8,41,3,65,108.7
plant,Nutrient solution,NSC1,NSC1_0.5,0.5,NSC1_0.5_AG,4,AG,6,3.59,9,44,4,65,117.8
plant,Nutrient solution,NSC1,NSC1_0.0,0,NSC1_0.0_KP,1,CP,1,3.27,8,60.5,2,59,104
plant,Nutrient solution,NSC1,NSC1_0.0,0,NSC1_0.0_KP,1,CP,2,4.43,8,57,2,59,128
plant,Nutrient solution,NSC1,NSC1_0.0,0,NSC1_0.0_KP,1,CP,3,4.65,8,56,4,76,87.9
plant,Nutrient solution,NSC1,NSC1_0.0,0,NSC1_0.0_KP,1,CP,4,4.05,9,67.6,3,65,97.3
plant,Nutrient solution,NSC1,NSC1_0.0,0,NSC1_0.0_KP,1,CP,5,3.72,8,53.5,3,65,92.9
plant,Nutrient solution,NSC1,NSC1_0.0,0,NSC1_0.0_KP,1,CP,6,4.69,8,56,2,64,120
plant,Nutrient solution,NSC1,NSC1_0.1,0.1,NSC1_0.1_KP,2,CP,1,4.25,9,61,3,59,121
plant,Nutrient solution,NSC1,NSC1_0.1,0.1,NSC1_0.1_KP,2,CP,2,3.11,8,54.5,3,63,131.2
plant,Nutrient solution,NSC1,NSC1_0.1,0.1,NSC1_0.1_KP,2,CP,3,3.64,8,60,3,59,106
plant,Nutrient solution,NSC1,NSC1_0.1,0.1,NSC1_0.1_KP,2,CP,4,3.48,7,61,2,59,66.2
plant,Nutrient solution,NSC1,NSC1_0.1,0.1,NSC1_0.1_KP,2,CP,5,2.66,8,58,3,62,112.4
plant,Nutrient solution,NSC1,NSC1_0.1,0.1,NSC1_0.1_KP,2,CP,6,3.87,9,50,2,76,111.7
plant,Nutrient solution,NSC1,NSC1_0.3,0.3,NSC1_0.3_KP,3,CP,1,3.8,9,52,4,59,107.5
plant,Nutrient solution,NSC1,NSC1_0.3,0.3,NSC1_0.3_KP,3,CP,2,4.15,9,60.5,3,65,111.7
plant,Nutrient solution,NSC1,NSC1_0.3,0.3,NSC1_0.3_KP,3,CP,3,3.73,9,47,2,75,114.9
plant,Nutrient solution,NSC1,NSC1_0.3,0.3,NSC1_0.3_KP,3,CP,4,3.65,7,40,3,74,87.1
plant,Nutrient solution,NSC1,NSC1_0.3,0.3,NSC1_0.3_KP,3,CP,5,4.35,7,36,3,75,109
plant,Nutrient solution,NSC1,NSC1_0.3,0.3,NSC1_0.3_KP,3,CP,6,4.05,7,40,4,76,109
plant,Nutrient solution,NSC1,NSC1_0.5,0.5,NSC1_0.5_KP,4,CP,1,4.06,9,51.5,4,65,106
plant,Nutrient solution,NSC1,NSC1_0.5,0.5,NSC1_0.5_KP,4,CP,2,4.26,9,32.5,3,59,111.3
plant,Nutrient solution,NSC1,NSC1_0.5,0.5,NSC1_0.5_KP,4,CP,3,4.47,8,55.5,3,62,119.5
plant,Nutrient solution,NSC1,NSC1_0.5,0.5,NSC1_0.5_KP,4,CP,4,4.14,7,32,4,59,118.1
plant,Nutrient solution,NSC1,NSC1_0.5,0.5,NSC1_0.5_KP,4,CP,5,4.3,7,56.5,4,65,105.4
plant,Nutrient solution,NSC1,NSC1_0.5,0.5,NSC1_0.5_KP,4,CP,6,3.53,8,48.5,5,75,105.3
plant,Nutrient solution,NSC1,NSC1_0.0,0,NSC1_0.0_BP,1,BP,1,3.72,6,47.5,3,56,128.9
plant,Nutrient solution,NSC1,NSC1_0.0,0,NSC1_0.0_BP,1,BP,2,3.59,6,61.5,2,56,113.8
plant,Nutrient solution,NSC1,NSC1_0.0,0,NSC1_0.0_BP,1,BP,3,4.88,7,67,4,59,122.9
plant,Nutrient solution,NSC1,NSC1_0.0,0,NSC1_0.0_BP,1,BP,4,4.2,6,62.5,2,59,72.3
plant,Nutrient solution,NSC1,NSC1_0.0,0,NSC1_0.0_BP,1,BP,5,3.59,6,45,4,61,104.5
plant,Nutrient solution,NSC1,NSC1_0.0,0,NSC1_0.0_BP,1,BP,6,3.77,6,46.5,3,72,134
plant,Nutrient solution,NSC1,NSC1_0.1,0.1,NSC1_0.1_BP,2,BP,1,4.04,7,53.5,5,68,113.8
plant,Nutrient solution,NSC1,NSC1_0.1,0.1,NSC1_0.1_BP,2,BP,2,4.14,7,55.5,2,59,132.9
plant,Nutrient solution,NSC1,NSC1_0.1,0.1,NSC1_0.1_BP,2,BP,3,3.56,6,49,4,64,130.8
plant,Nutrient solution,NSC1,NSC1_0.1,0.1,NSC1_0.1_BP,2,BP,4,4.44,6,44.5,4,65,132.5
plant,Nutrient solution,NSC1,NSC1_0.1,0.1,NSC1_0.1_BP,2,BP,5,3.55,6,44.5,4,59,127.1
plant,Nutrient solution,NSC1,NSC1_0.1,0.1,NSC1_0.1_BP,2,BP,6,4.34,7,56.5,4,65,124.8
plant,Nutrient solution,NSC1,NSC1_0.3,0.3,NSC1_0.3_BP,3,BP,1,3.46,5,42.5,4,65,130
plant,Nutrient solution,NSC1,NSC1_0.3,0.3,NSC1_0.3_BP,3,BP,2,4.02,7,57.5,4,64,173.2
plant,Nutrient solution,NSC1,NSC1_0.3,0.3,NSC1_0.3_BP,3,BP,3,3.29,6,37.5,3,64,129.9
plant,Nutrient solution,NSC1,NSC1_0.3,0.3,NSC1_0.3_BP,3,BP,4,4.45,6,54,3,65,145.5
plant,Nutrient solution,NSC1,NSC1_0.3,0.3,NSC1_0.3_BP,3,BP,5,3.64,6,51.5,3,64,135.6
plant,Nutrient solution,NSC1,NSC1_0.3,0.3,NSC1_0.3_BP,3,BP,6,3.87,6,54,4,62,126.9
plant,Nutrient solution,NSC1,NSC1_0.5,0.5,NSC1_0.5_BP,4,BP,1,3.51,6,46.5,3,56,140.2
plant,Nutrient solution,NSC1,NSC1_0.5,0.5,NSC1_0.5_BP,4,BP,2,3.16,6,30,3,56,96.1
plant,Nutrient solution,NSC1,NSC1_0.5,0.5,NSC1_0.5_BP,4,BP,3,3.65,6,51.5,4,59,162.5
plant,Nutrient solution,NSC1,NSC1_0.5,0.5,NSC1_0.5_BP,4,BP,4,3.21,6,51,3,59,126.7
plant,Nutrient solution,NSC1,NSC1_0.5,0.5,NSC1_0.5_BP,4,BP,5,2.82,6,45.5,3,59,117.3
plant,Nutrient solution,NSC1,NSC1_0.5,0.5,NSC1_0.5_BP,4,BP,6,3.43,6,54.5,5,65,173.6
plant,Nutrient solution,NSC1,NSC1_0.0,0,NSC1_0.0_KW,1,KW,1,4.09,7,52,3,65,117.4
plant,Nutrient solution,NSC1,NSC1_0.0,0,NSC1_0.0_KW,1,KW,2,3.51,7,61.5,2,65,130
plant,Nutrient solution,NSC1,NSC1_0.0,0,NSC1_0.0_KW,1,KW,3,4.38,8,61,4,59,122.2
plant,Nutrient solution,NSC1,NSC1_0.0,0,NSC1_0.0_KW,1,KW,4,3.38,8,55,3,65,143.6
plant,Nutrient solution,NSC1,NSC1_0.0,0,NSC1_0.0_KW,1,KW,5,3.87,7,59,3,65,117.3
plant,Nutrient solution,NSC1,NSC1_0.0,0,NSC1_0.0_KW,1,KW,6,4,7,57.5,3,62,129.8
plant,Nutrient solution,NSC1,NSC1_0.1,0.1,NSC1_0.1_KW,2,KW,1,4.12,8,44,4,65,130.1
plant,Nutrient solution,NSC1,NSC1_0.1,0.1,NSC1_0.1_KW,2,KW,2,4.13,8,61.5,3,73,135.5
plant,Nutrient solution,NSC1,NSC1_0.1,0.1,NSC1_0.1_KW,2,KW,3,3.82,7,53.5,4,65,142.8
plant,Nutrient solution,NSC1,NSC1_0.1,0.1,NSC1_0.1_KW,2,KW,4,3.66,8,28.5,4,73,118
plant,Nutrient solution,NSC1,NSC1_0.1,0.1,NSC1_0.1_KW,2,KW,5,4.43,8,44,3,74,113.4
plant,Nutrient solution,NSC1,NSC1_0.1,0.1,NSC1_0.1_KW,2,KW,6,4.12,8,46,4,71,136.7
plant,Nutrient solution,NSC1,NSC1_0.3,0.3,NSC1_0.3_KW,3,KW,1,4.59,8,45,4,72,125.7
plant,Nutrient solution,NSC1,NSC1_0.3,0.3,NSC1_0.3_KW,3,KW,2,3.56,7,54,3,65,155.4
plant,Nutrient solution,NSC1,NSC1_0.3,0.3,NSC1_0.3_KW,3,KW,3,4.09,7,53,4,73,130.6
plant,Nutrient solution,NSC1,NSC1_0.3,0.3,NSC1_0.3_KW,3,KW,4,3.76,7,56,3,74,145.5
plant,Nutrient solution,NSC1,NSC1_0.3,0.3,NSC1_0.3_KW,3,KW,5,4.26,7,64,4,68,137.5
plant,Nutrient solution,NSC1,NSC1_0.3,0.3,NSC1_0.3_KW,3,KW,6,4.03,7,53.5,3,65,146.3
plant,Nutrient solution,NSC1,NSC1_0.5,0.5,NSC1_0.5_KW,4,KW,1,4.63,7,61,3,65,114.4
plant,Nutrient solution,NSC1,NSC1_0.5,0.5,NSC1_0.5_KW,4,KW,2,3.88,7,46,3,73,148.7
plant,Nutrient solution,NSC1,NSC1_0.5,0.5,NSC1_0.5_KW,4,KW,3,4.24,7,53,3,65,130.8
plant,Nutrient solution,NSC1,NSC1_0.5,0.5,NSC1_0.5_KW,4,KW,4,3.81,7,38.5,3,72,124.8
plant,Nutrient solution,NSC1,NSC1_0.5,0.5,NSC1_0.5_KW,4,KW,5,3.86,7,22,4,73,126.6
plant,Nutrient solution,NSC1,NSC1_0.5,0.5,NSC1_0.5_KW,4,KW,6,4.18,9,26,5,71,141.8
plant,Nutrient solution,NSC2,NSC2_0.0,0,NSC2_0.0_AG,1,AG,1,4.19,8,52,4,64,115.4
plant,Nutrient solution,NSC2,NSC2_0.0,0,NSC2_0.0_AG,1,AG,2,4.29,9,45,4,68,111
plant,Nutrient solution,NSC2,NSC2_0.0,0,NSC2_0.0_AG,1,AG,3,3.63,8,52,4,65,111.8
plant,Nutrient solution,NSC2,NSC2_0.0,0,NSC2_0.0_AG,1,AG,4,3.73,8,53,3,56,91.6
plant,Nutrient solution,NSC2,NSC2_0.0,0,NSC2_0.0_AG,1,AG,5,3.51,9,41,2,59,122.7
plant,Nutrient solution,NSC2,NSC2_0.0,0,NSC2_0.0_AG,1,AG,6,2.66,7,45.5,3,65,122.5
plant,Nutrient solution,NSC2,NSC2_0.1,0.1,NSC2_0.1_AG,2,AG,1,2.93,8,40,2,56,78.3
plant,Nutrient solution,NSC2,NSC2_0.1,0.1,NSC2_0.1_AG,2,AG,2,4.12,8,49,6,59,112.4
plant,Nutrient solution,NSC2,NSC2_0.1,0.1,NSC2_0.1_AG,2,AG,3,4.09,9,42,2,68,92.4
plant,Nutrient solution,NSC2,NSC2_0.1,0.1,NSC2_0.1_AG,2,AG,4,4.39,9,43.5,5,59,130.4
plant,Nutrient solution,NSC2,NSC2_0.1,0.1,NSC2_0.1_AG,2,AG,5,5.11,8,45,4,64,106.4
plant,Nutrient solution,NSC2,NSC2_0.1,0.1,NSC2_0.1_AG,2,AG,6,3.74,7,40.5,4,65,122.8
plant,Nutrient solution,NSC2,NSC2_0.3,0.3,NSC2_0.3_AG,3,AG,1,3.18,9,49,4,65,63.9
plant,Nutrient solution,NSC2,NSC2_0.3,0.3,NSC2_0.3_AG,3,AG,2,2.89,8,46,5,59,125
plant,Nutrient solution,NSC2,NSC2_0.3,0.3,NSC2_0.3_AG,3,AG,3,4.62,9,36.5,3,59,124.2
plant,Nutrient solution,NSC2,NSC2_0.3,0.3,NSC2_0.3_AG,3,AG,4,3.72,8,48,3,59,140.4
plant,Nutrient solution,NSC2,NSC2_0.3,0.3,NSC2_0.3_AG,3,AG,5,3.56,8,36,4,56,119.9
plant,Nutrient solution,NSC2,NSC2_0.3,0.3,NSC2_0.3_AG,3,AG,6,3.84,9,54.5,4,62,98.3
plant,Nutrient solution,NSC2,NSC2_0.5,0.5,NSC2_0.5_AG,4,AG,1,3.15,9,48.5,4,56,111
plant,Nutrient solution,NSC2,NSC2_0.5,0.5,NSC2_0.5_AG,4,AG,2,3.38,7,44,4,59,142.5
plant,Nutrient solution,NSC2,NSC2_0.5,0.5,NSC2_0.5_AG,4,AG,3,3.67,8,49,4,59,129.9
plant,Nutrient solution,NSC2,NSC2_0.5,0.5,NSC2_0.5_AG,4,AG,4,4,9,55,3,59,109.4
plant,Nutrient solution,NSC2,NSC2_0.5,0.5,NSC2_0.5_AG,4,AG,5,3.71,8,47,4,64,152.4
plant,Nutrient solution,NSC2,NSC2_0.5,0.5,NSC2_0.5_AG,4,AG,6,3.33,8,61.5,5,65,118.1
plant,Nutrient solution,NSC2,NSC2_0.0,0,NSC2_0.0_KP,1,CP,1,3.64,7,56,3,59,90.1
plant,Nutrient solution,NSC2,NSC2_0.0,0,NSC2_0.0_KP,1,CP,2,3.86,8,43.5,3,59,81.9
plant,Nutrient solution,NSC2,NSC2_0.0,0,NSC2_0.0_KP,1,CP,3,3.98,6,36,3,64,86.5
plant,Nutrient solution,NSC2,NSC2_0.0,0,NSC2_0.0_KP,1,CP,4,3.13,8,48,4,64,114.7
plant,Nutrient solution,NSC2,NSC2_0.0,0,NSC2_0.0_KP,1,CP,5,4.06,9,46.5,4,67,82.9
plant,Nutrient solution,NSC2,NSC2_0.0,0,NSC2_0.0_KP,1,CP,6,9.95,8,39,3,68,77.3
plant,Nutrient solution,NSC2,NSC2_0.1,0.1,NSC2_0.1_KP,2,CP,1,3.88,9,61.5,3,56,107.4
plant,Nutrient solution,NSC2,NSC2_0.1,0.1,NSC2_0.1_KP,2,CP,2,3.62,8,52,3,56,91.2
plant,Nutrient solution,NSC2,NSC2_0.1,0.1,NSC2_0.1_KP,2,CP,3,4.22,9,53.5,4,59,89.9
plant,Nutrient solution,NSC2,NSC2_0.1,0.1,NSC2_0.1_KP,2,CP,4,4.86,8,53.5,4,59,123.8
plant,Nutrient solution,NSC2,NSC2_0.1,0.1,NSC2_0.1_KP,2,CP,5,3.85,8,49,3,65,87.6
plant,Nutrient solution,NSC2,NSC2_0.1,0.1,NSC2_0.1_KP,2,CP,6,3.26,6,49,6,68,141.8
plant,Nutrient solution,NSC2,NSC2_0.3,0.3,NSC2_0.3_KP,3,CP,1,4.97,8,53,4,59,132
plant,Nutrient solution,NSC2,NSC2_0.3,0.3,NSC2_0.3_KP,3,CP,2,3.5,8,43.5,4,68,106.6
plant,Nutrient solution,NSC2,NSC2_0.3,0.3,NSC2_0.3_KP,3,CP,3,3.47,7,48.5,3,68,109
plant,Nutrient solution,NSC2,NSC2_0.3,0.3,NSC2_0.3_KP,3,CP,4,4.7,8,62,5,65,112.8
plant,Nutrient solution,NSC2,NSC2_0.3,0.3,NSC2_0.3_KP,3,CP,5,4.37,8,53,5,65,110.7
plant,Nutrient solution,NSC2,NSC2_0.3,0.3,NSC2_0.3_KP,3,CP,6,4.17,8,42,4,68,115.5
plant,Nutrient solution,NSC2,NSC2_0.5,0.5,NSC2_0.5_KP,4,CP,1,3.73,8,51,3,56,119.4
plant,Nutrient solution,NSC2,NSC2_0.5,0.5,NSC2_0.5_KP,4,CP,2,2.56,9,60,4,56,116.3
plant,Nutrient solution,NSC2,NSC2_0.5,0.5,NSC2_0.5_KP,4,CP,3,3.49,9,54,3,56,109.5
plant,Nutrient solution,NSC2,NSC2_0.5,0.5,NSC2_0.5_KP,4,CP,4,3.97,7,56.5,3,56,89
plant,Nutrient solution,NSC2,NSC2_0.5,0.5,NSC2_0.5_KP,4,CP,5,4.84,7,63.5,3,59,98
plant,Nutrient solution,NSC2,NSC2_0.5,0.5,NSC2_0.5_KP,4,CP,6,4.28,7,45,4,59,112.6
plant,Nutrient solution,NSC2,NSC2_0.0,0,NSC2_0.0_BP,1,BP,1,3.83,6,53.5,4,56,107.5
plant,Nutrient solution,NSC2,NSC2_0.0,0,NSC2_0.0_BP,1,BP,2,3.63,7,46,4,56,118.2
plant,Nutrient solution,NSC2,NSC2_0.0,0,NSC2_0.0_BP,1,BP,3,4.97,6,50.5,3,59,101.4
plant,Nutrient solution,NSC2,NSC2_0.0,0,NSC2_0.0_BP,1,BP,4,3.24,6,49,4,65,119
plant,Nutrient solution,NSC2,NSC2_0.0,0,NSC2_0.0_BP,1,BP,5,4.07,6,52.5,4,65,111.7
plant,Nutrient solution,NSC2,NSC2_0.0,0,NSC2_0.0_BP,1,BP,6,4.2,6,51.5,4,68,110.2
plant,Nutrient solution,NSC2,NSC2_0.1,0.1,NSC2_0.1_BP,2,BP,1,4.26,6,49,5,65,120.1
plant,Nutrient solution,NSC2,NSC2_0.1,0.1,NSC2_0.1_BP,2,BP,2,4.74,6,52.5,4,68,112.7
plant,Nutrient solution,NSC2,NSC2_0.1,0.1,NSC2_0.1_BP,2,BP,3,4.39,5,49,3,62,128.1
plant,Nutrient solution,NSC2,NSC2_0.1,0.1,NSC2_0.1_BP,2,BP,4,4.09,6,56.5,5,62,138.4
plant,Nutrient solution,NSC2,NSC2_0.1,0.1,NSC2_0.1_BP,2,BP,5,3.4,6,37,5,67,119.9
plant,Nutrient solution,NSC2,NSC2_0.1,0.1,NSC2_0.1_BP,2,BP,6,4.62,6,45,4,66,139.3
plant,Nutrient solution,NSC2,NSC2_0.3,0.3,NSC2_0.3_BP,3,BP,1,4.05,6,50.5,3,56,117.6
plant,Nutrient solution,NSC2,NSC2_0.3,0.3,NSC2_0.3_BP,3,BP,2,4.11,6,42,4,56,139
plant,Nutrient solution,NSC2,NSC2_0.3,0.3,NSC2_0.3_BP,3,BP,3,4.16,6,51,4,59,128.8
plant,Nutrient solution,NSC2,NSC2_0.3,0.3,NSC2_0.3_BP,3,BP,4,4.45,7,45.5,4,66,134.5
plant,Nutrient solution,NSC2,NSC2_0.3,0.3,NSC2_0.3_BP,3,BP,5,4.35,6,54,4,62,155.5
plant,Nutrient solution,NSC2,NSC2_0.3,0.3,NSC2_0.3_BP,3,BP,6,4.34,6,44.5,4,65,108.8
plant,Nutrient solution,NSC2,NSC2_0.5,0.5,NSC2_0.5_BP,4,BP,1,3.52,6,56.5,3,56,150.8
plant,Nutrient solution,NSC2,NSC2_0.5,0.5,NSC2_0.5_BP,4,BP,2,3.92,5,45,3,59,129.9
plant,Nutrient solution,NSC2,NSC2_0.5,0.5,NSC2_0.5_BP,4,BP,3,3.87,6,41.5,3,65,121.9
plant,Nutrient solution,NSC2,NSC2_0.5,0.5,NSC2_0.5_BP,4,BP,4,3.72,6,56,3,59,124.3
plant,Nutrient solution,NSC2,NSC2_0.5,0.5,NSC2_0.5_BP,4,BP,5,3.74,6,52.5,4,59,129.1
plant,Nutrient solution,NSC2,NSC2_0.5,0.5,NSC2_0.5_BP,4,BP,6,4.99,5,64,4,65,140
plant,Nutrient solution,NSC2,NSC2_0.0,0,NSC2_0.0_KW,1,KW,1,4.14,6,43.5,5,66,121.1
plant,Nutrient solution,NSC2,NSC2_0.0,0,NSC2_0.0_KW,1,KW,2,3.72,8,54,3,65,94.4
plant,Nutrient solution,NSC2,NSC2_0.0,0,NSC2_0.0_KW,1,KW,3,4.45,7,43,4,66,126.2
plant,Nutrient solution,NSC2,NSC2_0.0,0,NSC2_0.0_KW,1,KW,4,5.05,7,55,3,65,111.8
plant,Nutrient solution,NSC2,NSC2_0.0,0,NSC2_0.0_KW,1,KW,5,4.67,7,51,3,65,127.1
plant,Nutrient solution,NSC2,NSC2_0.0,0,NSC2_0.0_KW,1,KW,6,5.1,7,49.5,4,65,103.7
plant,Nutrient solution,NSC2,NSC2_0.1,0.1,NSC2_0.1_KW,2,KW,1,3.86,8,50,3,56,147.6
plant,Nutrient solution,NSC2,NSC2_0.1,0.1,NSC2_0.1_KW,2,KW,2,4.59,8,60,4,59,125.7
plant,Nutrient solution,NSC2,NSC2_0.1,0.1,NSC2_0.1_KW,2,KW,3,4.45,8,48.5,3,59,135.5
plant,Nutrient solution,NSC2,NSC2_0.1,0.1,NSC2_0.1_KW,2,KW,4,4.08,8,54,4,62,122.3
plant,Nutrient solution,NSC2,NSC2_0.1,0.1,NSC2_0.1_KW,2,KW,5,3.93,7,46,3,70,144.1
plant,Nutrient solution,NSC2,NSC2_0.1,0.1,NSC2_0.1_KW,2,KW,6,4.82,7,43,3,72,143.2
plant,Nutrient solution,NSC2,NSC2_0.3,0.3,NSC2_0.3_KW,3,KW,1,4.51,8,51.5,4,59,132.5
plant,Nutrient solution,NSC2,NSC2_0.3,0.3,NSC2_0.3_KW,3,KW,2,3.35,7,52.5,3,65,128.8
plant,Nutrient solution,NSC2,NSC2_0.3,0.3,NSC2_0.3_KW,3,KW,3,3.23,7,50.5,3,62,152.4
plant,Nutrient solution,NSC2,NSC2_0.3,0.3,NSC2_0.3_KW,3,KW,4,4.57,7,57.5,3,62,90.5
plant,Nutrient solution,NSC2,NSC2_0.3,0.3,NSC2_0.3_KW,3,KW,5,4.32,8,49.5,3,65,149.9
plant,Nutrient solution,NSC2,NSC2_0.3,0.3,NSC2_0.3_KW,3,KW,6,3.72,8,54.5,4,67,147.4
plant,Nutrient solution,NSC2,NSC2_0.5,0.5,NSC2_0.5_KW,4,KW,1,3.52,8,55,4,65,143.9
plant,Nutrient solution,NSC2,NSC2_0.5,0.5,NSC2_0.5_KW,4,KW,2,4.75,8,43,3,62,123
plant,Nutrient solution,NSC2,NSC2_0.5,0.5,NSC2_0.5_KW,4,KW,3,4.01,8,49.5,4,75,134.2
plant,Nutrient solution,NSC2,NSC2_0.5,0.5,NSC2_0.5_KW,4,KW,4,4.49,8,50,3,74,146.4
plant,Nutrient solution,NSC2,NSC2_0.5,0.5,NSC2_0.5_KW,4,KW,5,3.88,7,47,3,65,133.7
plant,Nutrient solution,NSC2,NSC2_0.5,0.5,NSC2_0.5_KW,4,KW,6,4.14,8,48,3,66,141.4
