condition,substrate,group,treatment method ,treatment,treat No.,cultivar,number,samples,L_1,a_1,b_1,L_6,a_6,b_6,L_9,a_9,b_9,L_11,a_11,b_11,L_14,a_14,b_14
"Flower, water",Nutrient solution,HSR,NSA 0.0,NSA_0.0_AG,1,AG,1,1,75.03,-6.55,13.07,81.09,-10.27,21.6,79.35,-10.6,21.29,78.62,-6.01,16.05,83.94,-6.06,18.08
"Flower, water",Nutrient solution,HSR,NSA 0.0,NSA_0.0_AG,1,AG,2,1,73.12,-5.76,11.76,78.98,-9.17,19.43,78.45,-10.52,21.15,80.9,-6.18,16.65,84.06,-6.32,18.83
"Flower, water",Nutrient solution,HSR,NSA 0.0,NSA_0.0_AG,1,AG,3,1,68.76,-4.99,10.94,77.74,-8.88,18.5,79,-10.74,21.25,81.44,-6.19,17.02,83.96,-6.19,18.77
"Flower, water",Nutrient solution,HSR,NSA 0.0,NSA_0.0_AG,1,AG,1,2,78.96,-7.56,13.76,73.36,-6,12.71,86.82,-9.89,20.53,85.13,-11.92,22.97,88.82,-6.52,13.77
"Flower, water",Nutrient solution,HSR,NSA 0.0,NSA_0.0_AG,1,AG,2,2,83.39,-9.13,14.49,74.74,-6.18,12.89,86.72,-10.01,20.56,85.14,-11.62,23.24,88.8,-6.63,13.84
"Flower, water",Nutrient solution,HSR,NSA 0.0,NSA_0.0_AG,1,AG,3,2,80.96,-7.58,13.47,76.14,-6.18,12.87,86.74,-10.13,20.77,85.23,-11.93,22.96,88.93,-6.7,14.1
"Flower, water",Nutrient solution,HSR,NSA 0.0,NSA_0.0_AG,1,AG,1,3,74.93,-6.84,13.11,84.82,-6.82,13.61,75.92,-9.99,21.01,84.41,-10.8,21.88,84.6,-8.23,18.32
"Flower, water",Nutrient solution,HSR,NSA 0.0,NSA_0.0_AG,1,AG,2,3,82.27,-8.33,15.54,84.26,-6.42,12.97,74.02,-9.66,20.19,82.94,-10.59,21.41,84.47,-8.28,18.37
"Flower, water",Nutrient solution,HSR,NSA 0.0,NSA_0.0_AG,1,AG,3,3,82.02,-8.58,16.15,84.18,-6.48,12.98,73.97,-9.55,19.78,83.39,-10.79,21.76,84.5,-8.4,18.49
"Flower, water",Nutrient solution,HSR,NSA 0.0,NSA_0.0_AG,1,AG,1,4,82.37,-11.25,21.22,79.84,-9.31,18.64,79.59,-7.88,15.22,87.18,-9.3,20.59,83.83,-5.2,19.51
"Flower, water",Nutrient solution,HSR,NSA 0.0,NSA_0.0_AG,1,AG,2,4,81.9,-11.62,22.19,79.14,-9.15,18.2,78.9,-6.97,13.76,87.17,-8.63,20.55,83.95,-5.23,19.58
"Flower, water",Nutrient solution,HSR,NSA 0.0,NSA_0.0_AG,1,AG,3,4,82.02,-11.37,21.73,79.74,-9.38,18.72,79.26,-7.18,13.85,87.62,-8.84,20.79,84.02,-5.19,19.54
"Flower, water",Nutrient solution,HSR,NSA 0.0,NSA_0.0_AG,1,AG,1,5,79.42,-5.92,11.34,82.4,-5.8,11.66,78.83,-6.19,11.87,79.38,-6.32,21.21,66.69,-5.21,24.97
"Flower, water",Nutrient solution,HSR,NSA 0.0,NSA_0.0_AG,1,AG,2,5,73.79,-7.05,14.31,80.58,-4.91,10.13,79.19,-5.64,11.03,78.63,-6.04,21.55,66.81,-5.19,25.1
"Flower, water",Nutrient solution,HSR,NSA 0.0,NSA_0.0_AG,1,AG,3,5,69.81,-6.41,13.18,81.18,-5.14,10.41,79.95,-5.88,11.5,78.66,-6.22,21.39,66.79,-5.27,25.14
"Flower, water",Nutrient solution,HSR,NSA 0.0,NSA_0.0_AG,1,AG,1,6,84.03,-4.04,7.28,82.27,-6.29,13.71,79.8,-5.98,11.8,82.81,-11.84,25.61,73.48,-10.97,26.58
"Flower, water",Nutrient solution,HSR,NSA 0.0,NSA_0.0_AG,1,AG,2,6,83.07,-3.67,6.19,81.8,-6.19,13.73,79.18,-5.9,11.9,83.06,-11.86,25.64,72.29,-8.81,26.47
"Flower, water",Nutrient solution,HSR,NSA 0.0,NSA_0.0_AG,1,AG,3,6,84.17,-4.4,7.55,81.73,-6.21,13.68,78.28,-5.94,11.97,83.2,-11.89,25.63,72.47,-8.84,26.6
"Flower, water",Nutrient solution,HSR,NSA 0.0,NSA_0.0_AG,1,AG,1,7,86.81,-5.58,8.49,83.88,-7.09,14.62,65.88,-7.66,15.11,85.24,-11.06,21.87,87.06,-7.67,17.62
"Flower, water",Nutrient solution,HSR,NSA 0.0,NSA_0.0_AG,1,AG,2,7,85.77,-5.39,8.5,83.34,-7.07,14.57,62.04,-5.46,11.28,85.3,-11.26,22.19,87.23,-7.71,17.9
"Flower, water",Nutrient solution,HSR,NSA 0.0,NSA_0.0_AG,1,AG,3,7,81.72,-4.87,8.12,83.03,-7.31,14.78,64.42,-5.87,12.12,84.34,-12.38,23.83,87.22,-7.71,17.98
"Flower, water",Nutrient solution,HSR,NSA 0.0,NSA_0.0_AG,1,AG,1,8,78.86,-9.96,18.5,71.75,-4.84,11,78.38,-9.81,18.3,83.28,-11.19,22.8,84.17,-8.18,21.17
"Flower, water",Nutrient solution,HSR,NSA 0.0,NSA_0.0_AG,1,AG,2,8,81.11,-10.91,20.63,70.5,-4.58,10.74,78.76,-9.45,17.72,80.99,-11.06,24.1,84.26,-8.2,21.17
"Flower, water",Nutrient solution,HSR,NSA 0.0,NSA_0.0_AG,1,AG,3,8,81.73,-11.54,21.69,73.36,-4.89,11.06,81.41,-10.14,18.86,81.04,-11.09,24.15,84.59,-8.21,21.18
"Flower, water",Nutrient solution,HSR,NSA 0.0,NSA_0.0_AG,1,AG,1,9,70.15,-7.01,15.27,81.6,-10.69,23.01,82.7,-8.16,17.51,82.3,-10.4,21.78,80.01,-8.25,21.53
"Flower, water",Nutrient solution,HSR,NSA 0.0,NSA_0.0_AG,1,AG,2,9,73.51,-7.1,14.82,81.27,-10.55,22.81,83.29,-8.16,17.54,82.53,-10.44,22.09,80.03,-8.28,21.59
"Flower, water",Nutrient solution,HSR,NSA 0.0,NSA_0.0_AG,1,AG,3,9,76.61,-7.66,15.94,82.04,-10.76,22.87,83.16,-8.3,17.65,82.66,-10.54,22.19,80.82,-8.65,22.29
"Flower, water",Nutrient solution,HSR,NSA 0.0,NSA_0.0_AG,1,AG,1,10,80.82,-6.54,11.61,84.08,-8.84,16.2,81.37,-8.72,16.44,84.63,-9.16,18.83,82.69,-9.03,20.63
"Flower, water",Nutrient solution,HSR,NSA 0.0,NSA_0.0_AG,1,AG,2,10,82.46,-7.1,12.17,84.35,-9.05,16.4,81.89,-8.75,16.48,85.88,-9.69,19.93,83.02,-9.13,20.9
"Flower, water",Nutrient solution,HSR,NSA 0.0,NSA_0.0_AG,1,AG,3,10,83.39,-7.37,12.5,84.34,-9.1,16.43,72.27,-8.76,16.7,86.03,-9.89,20.14,83.36,-9.32,21.11
"Flower, water",Nutrient solution,HSR,NSA 0.0,NSA_0.0_AG,1,AG,1,11,84.65,-10.47,17.8,80.56,-8.43,16.73,81.43,-12.3,23.41,82.99,-12.75,25.14,82.47,-9.85,24.32
"Flower, water",Nutrient solution,HSR,NSA 0.0,NSA_0.0_AG,1,AG,2,11,84.68,-10.35,17.66,79.32,-7.58,15.52,80.41,-12.03,23.14,83.33,-13,25.53,82.54,-9.82,24.21
"Flower, water",Nutrient solution,HSR,NSA 0.0,NSA_0.0_AG,1,AG,3,11,85.08,-10.54,17.82,79.77,-7.7,15.56,80.16,-11.89,22.96,83.19,-12.87,25.33,82.56,-9.83,24.23
"Flower, water",Nutrient solution,HSR,NSA 0.0,NSA_0.0_AG,1,AG,1,12,77.58,-8.24,14.94,83.58,-9.28,18.69,83.23,-11.84,24.86,67.76,-8.34,24.73,60.15,-3.46,21.7
"Flower, water",Nutrient solution,HSR,NSA 0.0,NSA_0.0_AG,1,AG,2,12,78.16,-8.34,14.93,83.36,-9.26,18.64,84.02,-12.06,25.24,67.87,-8.2,24.69,60.31,-3.4,21.7
"Flower, water",Nutrient solution,HSR,NSA 0.0,NSA_0.0_AG,1,AG,3,12,78.86,-8.49,15.23,83.28,-9.17,18.6,83.9,-12.05,25.12,67,-8.31,24.71,58.83,-2.93,20.2
"Flower, water",Nutrient solution,HSR,NSA 0.1,NSA_0.1_AG,2,AG,1,1,82.99,-4.17,8.43,67.76,-7.63,17.2,82.58,-7.66,14.94,84.8,-10.66,20.41,85.97,-9.16,18.41
"Flower, water",Nutrient solution,HSR,NSA 0.1,NSA_0.1_AG,2,AG,2,1,83.28,-4.28,8.46,71.88,-3.64,11.18,84.6,-8.16,15.52,84.91,-10.87,20.71,85.94,-9.32,18.58
"Flower, water",Nutrient solution,HSR,NSA 0.1,NSA_0.1_AG,2,AG,3,1,83.29,-4.3,8.52,71.27,-3.8,10.49,84.73,-8.14,15.6,84.87,-10.88,20.83,85.96,-9.35,18.63
"Flower, water",Nutrient solution,HSR,NSA 0.1,NSA_0.1_AG,2,AG,1,2,86.02,-3.9,7.67,84.42,-7.02,14.06,70.97,-6.1,13.06,84.7,-11.4,22.46,86.22,-5.36,12.63
"Flower, water",Nutrient solution,HSR,NSA 0.1,NSA_0.1_AG,2,AG,2,2,87.84,-4.74,9.51,85.18,-7.23,14.57,75.84,-7.45,15.41,85.4,-11.8,23.25,87.04,-5.47,12.93
"Flower, water",Nutrient solution,HSR,NSA 0.1,NSA_0.1_AG,2,AG,3,2,88.2,-5.14,10.15,85.38,-7.22,14.65,78.02,-8.62,17.25,85.61,-11.7,23.27,87.25,-5.64,13.08
"Flower, water",Nutrient solution,HSR,NSA 0.1,NSA_0.1_AG,2,AG,1,3,80.9,-10.73,19.95,88.23,-6.91,15.45,83.9,-10.94,21.41,84.29,-10.13,19.68,85.72,-5.76,13.98
"Flower, water",Nutrient solution,HSR,NSA 0.1,NSA_0.1_AG,2,AG,2,3,81.51,-10.42,19.54,88.33,-6.96,15.62,83.91,-10.97,21.45,84.62,-10.35,20.07,85.91,-5.76,14
"Flower, water",Nutrient solution,HSR,NSA 0.1,NSA_0.1_AG,2,AG,3,3,83.11,-10.17,19.5,88.41,-7.16,15.96,83.89,-11,21.58,84.96,-10.49,20.38,86.7,-5.97,14.31
"Flower, water",Nutrient solution,HSR,NSA 0.1,NSA_0.1_AG,2,AG,1,4,86.6,-6.39,12.31,74.43,-2.79,8.03,77.61,-8.69,17.9,77.69,-7.2,13.84,84.47,-5.21,11.74
"Flower, water",Nutrient solution,HSR,NSA 0.1,NSA_0.1_AG,2,AG,2,4,86.64,-6.07,11.79,74.47,-2.74,8.13,77.75,-8.85,18.22,76.44,-6.94,13.39,86.3,-5.96,13.01
"Flower, water",Nutrient solution,HSR,NSA 0.1,NSA_0.1_AG,2,AG,3,4,86.42,-6.11,11.6,75.15,-2.69,7.98,78.64,-9.08,18.61,79.31,-7.69,14.42,86.78,-6.12,13.33
"Flower, water",Nutrient solution,HSR,NSA 0.1,NSA_0.1_AG,2,AG,1,5,85.52,-8.33,16.58,81.17,-5.53,12.51,72.8,-9.92,19.35,83.31,-9.63,19.17,84.78,-7.59,16.63
"Flower, water",Nutrient solution,HSR,NSA 0.1,NSA_0.1_AG,2,AG,2,5,86.23,-8.26,16.66,80.31,-5.33,12.08,83.04,-10.09,19.66,83.15,-9.71,19.36,85.25,-7.8,17.12
"Flower, water",Nutrient solution,HSR,NSA 0.1,NSA_0.1_AG,2,AG,3,5,86.62,-8.25,16.54,81.91,-5.53,12.25,83.32,-10.2,19.83,83.31,-9.9,19.63,85.76,-7.97,17.54
"Flower, water",Nutrient solution,HSR,NSA 0.1,NSA_0.1_AG,2,AG,1,6,82.64,-8.77,17.04,64.33,-3.11,8.57,82.4,-9.16,18.32,76.33,-9.43,18.52,73.35,-6.56,15.28
"Flower, water",Nutrient solution,HSR,NSA 0.1,NSA_0.1_AG,2,AG,2,6,82.57,-8.69,16.81,66.03,-3.52,8.95,82.42,-9.18,18.34,79.02,-10.21,19.67,78.34,-7.84,17.59
"Flower, water",Nutrient solution,HSR,NSA 0.1,NSA_0.1_AG,2,AG,3,6,82.14,-8.53,16.52,67.16,-4.13,10,82.92,-9.35,18.74,79.36,-10.15,19.77,79.44,-8.02,17.81
"Flower, water",Nutrient solution,HSR,NSA 0.1,NSA_0.1_AG,2,AG,1,7,81.11,-4.44,8.48,81.43,-8.22,16.85,81.37,-11.33,22.75,85.01,-9.15,18.27,83.13,-8.54,16.59
"Flower, water",Nutrient solution,HSR,NSA 0.1,NSA_0.1_AG,2,AG,2,7,79.72,-4.12,7.87,81.44,-8.22,16.89,82.41,-11.83,23.29,83.98,-8.87,17.61,83.24,-8.48,16.71
"Flower, water",Nutrient solution,HSR,NSA 0.1,NSA_0.1_AG,2,AG,3,7,80.49,-4.27,8.1,81.43,-8.38,16.95,82.21,-11.7,23.21,83.9,-8.7,17.32,83.37,-8.47,16.86
"Flower, water",Nutrient solution,HSR,NSA 0.1,NSA_0.1_AG,2,AG,1,8,79.29,-11.93,22.58,80.74,-8.9,17.9,83.2,-11.09,21.9,82.13,-11.83,22.74,81.6,-10.8,21.93
"Flower, water",Nutrient solution,HSR,NSA 0.1,NSA_0.1_AG,2,AG,2,8,82.8,-12.31,22.65,80.98,-8.99,18.05,83.1,-11.07,21.8,81.86,-11.77,22.53,81.3,-10.53,21.65
"Flower, water",Nutrient solution,HSR,NSA 0.1,NSA_0.1_AG,2,AG,3,8,82.93,-12.29,22.88,81.4,-9.19,18.37,83.03,-11.17,21.78,82.01,-11.76,22.62,81.79,-10.73,21.91
"Flower, water",Nutrient solution,HSR,NSA 0.1,NSA_0.1_AG,2,AG,1,9,75.49,-4.68,10.02,83.1,-9.96,19.84,86.28,-5.57,12.16,85.65,-9.26,20,80.54,-4.28,21.22
"Flower, water",Nutrient solution,HSR,NSA 0.1,NSA_0.1_AG,2,AG,2,9,77.15,-4.76,10.33,83.4,-10.23,20.07,86.7,-5.69,12.46,85.76,-9.4,20.06,80.68,-4.32,21.31
"Flower, water",Nutrient solution,HSR,NSA 0.1,NSA_0.1_AG,2,AG,3,9,75.67,-4.64,9.94,83.7,-10.21,20.2,76.82,-5.87,12.53,85.8,-9.39,20.15,80.86,-4.41,21.42
"Flower, water",Nutrient solution,HSR,NSA 0.1,NSA_0.1_AG,2,AG,1,10,83.59,-7.29,15.13,75.85,-4.32,10.14,82.15,-1.98,5.61,78.54,-6.41,13.47,88.05,-6.81,14.03
"Flower, water",Nutrient solution,HSR,NSA 0.1,NSA_0.1_AG,2,AG,2,10,84.19,-6.4,13.59,81.53,-5.09,11.4,83,-2.01,5.75,79.57,-6.39,13.04,87.99,-6.75,14.02
"Flower, water",Nutrient solution,HSR,NSA 0.1,NSA_0.1_AG,2,AG,3,10,83.99,-5.94,12.75,82.25,-5.17,11.44,83.87,-1.89,5.94,80.55,-6.47,13.18,88.13,-6.83,14.11
"Flower, water",Nutrient solution,HSR,NSA 0.1,NSA_0.1_AG,2,AG,1,11,85.56,-6.86,13.27,78.75,-7.09,15.45,82.9,-12.07,23.1,82.37,-8.47,16.91,84.37,-8.54,17.89
"Flower, water",Nutrient solution,HSR,NSA 0.1,NSA_0.1_AG,2,AG,2,11,85.73,-6.66,13,78.58,-6.99,15.13,83,-12.14,23.13,82.04,-8.46,16.89,84.46,-8.53,17.74
"Flower, water",Nutrient solution,HSR,NSA 0.1,NSA_0.1_AG,2,AG,3,11,85.47,-6.65,12.96,79.86,-7.4,15.97,83.06,-12.18,23.19,81.75,-8.5,16.89,85.39,-8.6,17.88
"Flower, water",Nutrient solution,HSR,NSA 0.1,NSA_0.1_AG,2,AG,1,12,85.32,-5.12,9.37,86.26,-7.71,15.89,85.28,-10.44,20.73,85.67,-7.91,14.61,81.67,-7.59,23.16
"Flower, water",Nutrient solution,HSR,NSA 0.1,NSA_0.1_AG,2,AG,2,12,84.92,-4.93,9.04,86.03,-7.51,15.52,84.97,-10.24,20.31,85.88,-7.76,14.36,81.96,-7.66,23.25
"Flower, water",Nutrient solution,HSR,NSA 0.1,NSA_0.1_AG,2,AG,3,12,84.33,-4.78,8.78,85.92,-7.53,15.4,84.95,-10.36,20.46,86.28,-7.65,14.25,82.09,-7.75,23.32
"Flower, water",Nutrient solution,HSR,NSA 0.3,NSA_0.3_AG,3,AG,1,1,70.29,-7.23,14.5,82.92,-8.2,16.52,81.4,-9.3,17.96,77.52,-5.65,21.8,82.08,-4.57,17.89
"Flower, water",Nutrient solution,HSR,NSA 0.3,NSA_0.3_AG,3,AG,2,1,65.26,-6.3,12.82,81.73,-7.95,16.27,81.15,-11.14,21.49,73.65,-3.89,21.44,72.61,-4.49,20.74
"Flower, water",Nutrient solution,HSR,NSA 0.3,NSA_0.3_AG,3,AG,3,1,62.4,-5.55,11.68,79.88,-7.8,16.22,81.4,-11.52,22.03,73.66,-3.83,21.42,73.23,-4.42,21.03
"Flower, water",Nutrient solution,HSR,NSA 0.3,NSA_0.3_AG,3,AG,1,2,68.44,-3.06,6.39,83.52,-7.18,14.87,83.73,-10.64,20.92,85.51,-9.49,21.56,74.48,-8.11,23.21
"Flower, water",Nutrient solution,HSR,NSA 0.3,NSA_0.3_AG,3,AG,2,2,66.29,-2.7,5.85,84.35,-7.59,15.56,83.63,-10.61,20.92,85.43,-9.5,21.63,74.23,-8.06,23.5
"Flower, water",Nutrient solution,HSR,NSA 0.3,NSA_0.3_AG,3,AG,3,2,66.7,-2.72,6.01,85.21,-7.8,16.15,83.32,-10.61,20.99,85.44,-9.57,21.71,73.95,-8.12,23.41
"Flower, water",Nutrient solution,HSR,NSA 0.3,NSA_0.3_AG,3,AG,1,3,78.96,-6.3,11.3,61.06,-6.87,14.61,82.09,-9.8,18.81,84.03,-10.08,22.31,81.31,-5.59,19.68
"Flower, water",Nutrient solution,HSR,NSA 0.3,NSA_0.3_AG,3,AG,2,3,80.2,-8.1,14.94,76.87,-8.83,17.55,80.65,-8.88,17.51,84.43,-10.26,22.74,78.2,-4.83,20.9
"Flower, water",Nutrient solution,HSR,NSA 0.3,NSA_0.3_AG,3,AG,3,3,77.28,-8.95,17.11,78.7,-9.34,18.2,81.29,-9.3,17.96,84.45,-10.5,22.95,78.01,-4.84,20.84
"Flower, water",Nutrient solution,HSR,NSA 0.3,NSA_0.3_AG,3,AG,1,4,80.17,-9.58,18.03,83.96,-6.12,11.9,84.33,-7.88,14.7,88.14,-4.43,8.08,88.33,-3.19,7.67
"Flower, water",Nutrient solution,HSR,NSA 0.3,NSA_0.3_AG,3,AG,2,4,83.96,-9.72,18.09,84.82,-6.26,12.18,84.42,-7.91,14.65,88.18,-4.37,7.93,89.18,-3.49,8.25
"Flower, water",Nutrient solution,HSR,NSA 0.3,NSA_0.3_AG,3,AG,3,4,83.98,-9.06,17.14,85.78,-6.48,12.72,84.58,-7.62,14.18,88.23,-4.31,7.92,89.29,-3.53,8.3
"Flower, water",Nutrient solution,HSR,NSA 0.3,NSA_0.3_AG,3,AG,1,5,83.93,-4.02,6.93,83.72,-10.88,22.08,81,-5.81,10.78,80.93,-8.3,20.2,86.74,-4.08,13.56
"Flower, water",Nutrient solution,HSR,NSA 0.3,NSA_0.3_AG,3,AG,2,5,87.28,-4.82,8.42,83.85,-10.9,22.09,82.26,-6.6,11.97,81.46,-8.28,20.17,86.65,-4.13,13.53
"Flower, water",Nutrient solution,HSR,NSA 0.3,NSA_0.3_AG,3,AG,3,5,86.44,-4.71,8.24,83.98,-11.05,22.32,82.41,-6.61,12.22,83.18,-8.72,21.12,86.74,-4.03,13.54
"Flower, water",Nutrient solution,HSR,NSA 0.3,NSA_0.3_AG,3,AG,1,6,69.91,-6.62,13.03,83.36,-8.3,17.13,77.89,-10.84,22.39,79.26,-6.86,25.26,79.61,-3.25,18.84
"Flower, water",Nutrient solution,HSR,NSA 0.3,NSA_0.3_AG,3,AG,2,6,71.67,-6.79,13.43,84.54,-8.38,17.24,78.66,-11.04,22.56,79.33,-6.97,25.3,79.49,-3.29,18.94
"Flower, water",Nutrient solution,HSR,NSA 0.3,NSA_0.3_AG,3,AG,3,6,75.07,-7.73,15.31,85.05,-8.45,17.39,78.41,-10.85,22.33,79.43,-6.97,25.19,79.48,-3.33,19.09
"Flower, water",Nutrient solution,HSR,NSA 0.3,NSA_0.3_AG,3,AG,1,7,79.12,-10.57,22.08,83.53,-10.29,21.79,78.87,-12.65,24.44,80.01,-8.25,23.76,76.35,-3.76,24.62
"Flower, water",Nutrient solution,HSR,NSA 0.3,NSA_0.3_AG,3,AG,2,7,77.24,-9.73,20.71,83.76,-10.41,22.05,80,-13.37,25.45,80.09,-8.37,23.85,76.62,-3.71,24.97
"Flower, water",Nutrient solution,HSR,NSA 0.3,NSA_0.3_AG,3,AG,3,7,76.3,-9.43,20.06,82.94,-10.56,22.32,79.77,-13.29,25.33,80.04,-8.39,23.95,77.13,-3.87,24.84
"Flower, water",Nutrient solution,HSR,NSA 0.3,NSA_0.3_AG,3,AG,1,8,81.93,-10.18,18.43,84.1,-8.57,17.02,81.77,-10.16,19.54,83.84,-12.46,24.52,83.71,-8.47,17.96
"Flower, water",Nutrient solution,HSR,NSA 0.3,NSA_0.3_AG,3,AG,2,8,80.12,-9.25,17.01,83.6,-8.32,16.56,81.93,-10.01,19.46,83.76,-12.43,24.47,85.05,-9.49,19.85
"Flower, water",Nutrient solution,HSR,NSA 0.3,NSA_0.3_AG,3,AG,3,8,80.31,-9.37,17.3,83.55,-8.24,16.45,82.62,-10.34,19.96,83.78,-12.33,24.47,85.06,-9.56,20.06
"Flower, water",Nutrient solution,HSR,NSA 0.3,NSA_0.3_AG,3,AG,1,9,85.72,-7.27,14.48,82.03,-7.41,14.85,84.47,-5.89,10.95,82.76,-9.49,20.45,83.58,-6.14,16.13
"Flower, water",Nutrient solution,HSR,NSA 0.3,NSA_0.3_AG,3,AG,2,9,85.35,-7.05,14.27,82.24,-7.56,15.03,84.02,-5.77,10.9,83.64,-9.64,20.63,83.75,-6.13,16.28
"Flower, water",Nutrient solution,HSR,NSA 0.3,NSA_0.3_AG,3,AG,3,9,85.89,-7.28,14.52,83.02,-7.95,15.58,83.51,-5.9,11.05,84.2,-9.72,20.81,84.08,-6.19,16.54
"Flower, water",Nutrient solution,HSR,NSA 0.3,NSA_0.3_AG,3,AG,1,10,77.77,-6.15,11.33,86.08,-9.48,19.67,82.21,-8.68,16.72,79.81,-11.54,24.98,69.61,-2.16,17.62
"Flower, water",Nutrient solution,HSR,NSA 0.3,NSA_0.3_AG,3,AG,2,10,81,-6.19,11.27,85.99,-9.36,19.54,83.4,-8.86,16.82,79.39,-11.53,24.99,71.67,-2.6,18.91
"Flower, water",Nutrient solution,HSR,NSA 0.3,NSA_0.3_AG,3,AG,3,10,82.54,-6.15,11.23,86.24,-9.44,19.67,83.71,-8.81,16.77,80.36,-11.82,25.41,72.96,-2.83,19.64
"Flower, water",Nutrient solution,HSR,NSA 0.3,NSA_0.3_AG,3,AG,1,11,86.33,-6.67,12.18,81.96,-6.28,13.52,82.51,-7.76,15.7,86.86,-9.84,20.74,86.67,-6.82,17.78
"Flower, water",Nutrient solution,HSR,NSA 0.3,NSA_0.3_AG,3,AG,2,11,86.65,-6.89,12.43,82.97,-6.34,13.79,83.06,-7.73,15.78,87.12,-9.83,20.9,87.24,-6.8,17.81
"Flower, water",Nutrient solution,HSR,NSA 0.3,NSA_0.3_AG,3,AG,3,11,86.61,-6.94,12.4,83.15,-6.43,13.84,83.29,-7.82,15.86,87.27,-9.89,21.03,87.4,-6.82,17.84
"Flower, water",Nutrient solution,HSR,NSA 0.3,NSA_0.3_AG,3,AG,1,12,83.69,-12.92,24.23,82.68,-12.09,23.93,84.12,-11.22,21.55,85.92,-8.31,17.86,81.47,-6.21,21.93
"Flower, water",Nutrient solution,HSR,NSA 0.3,NSA_0.3_AG,3,AG,2,12,84.45,-12.41,23.05,82.6,-12.06,23.83,84.25,-11.23,21.55,85.36,-8.27,17.75,81.43,-6.22,22.55
"Flower, water",Nutrient solution,HSR,NSA 0.3,NSA_0.3_AG,3,AG,3,12,84.99,-12.4,22.99,82.65,-12.05,23.82,84.35,-11.31,21.68,85.21,-8,17.44,81.41,-6.38,22.62
"Flower, water",Nutrient solution,HSR,NSA 0.5,NSA_0.5_AG,4,AG,1,1,63.2,-3.67,8.06,75.11,-5.79,12.4,83.35,-11.16,20.6,79.33,-8.85,19.08,78.27,-5.55,22.8
"Flower, water",Nutrient solution,HSR,NSA 0.5,NSA_0.5_AG,4,AG,2,1,56.57,-2.82,7.57,76.11,-5.8,12.23,83.96,-11.29,20.93,80.78,-8.55,18.02,78.47,-7.01,22.35
"Flower, water",Nutrient solution,HSR,NSA 0.5,NSA_0.5_AG,4,AG,3,1,55.92,-2.34,7.18,76.7,-5.81,12.14,84.04,-11.28,20.9,81.82,-8.92,18.68,78.51,-6.99,22.38
"Flower, water",Nutrient solution,HSR,NSA 0.5,NSA_0.5_AG,4,AG,1,2,85.94,-7.22,13.1,86.28,-11.02,21.13,85.34,-7.09,13.64,86.21,-9.18,17.27,89.3,-4.99,10.59
"Flower, water",Nutrient solution,HSR,NSA 0.5,NSA_0.5_AG,4,AG,2,2,86.49,-7.57,13.7,83.34,-10.2,19.89,86.74,-7.33,14.21,85.31,-8.89,16.7,89.46,-5.22,11
"Flower, water",Nutrient solution,HSR,NSA 0.5,NSA_0.5_AG,4,AG,3,2,86.24,-7.31,13.13,85.54,-10.62,20.6,86.83,-7.57,14.49,86.14,-9.26,17.46,89.55,-5.25,11.11
"Flower, water",Nutrient solution,HSR,NSA 0.5,NSA_0.5_AG,4,AG,1,3,70.07,-5.67,10.48,79.31,-10.1,21.32,82.72,-11,20.85,86.45,-8.69,22.44,80.74,-4.03,21.29
"Flower, water",Nutrient solution,HSR,NSA 0.5,NSA_0.5_AG,4,AG,2,3,68.17,-4.8,9.32,80.76,-10.65,22.37,82.65,-10.88,20.79,85.8,-8.44,22.2,81.04,-4.22,21.54
"Flower, water",Nutrient solution,HSR,NSA 0.5,NSA_0.5_AG,4,AG,3,3,70.08,-5.66,10.48,81.75,-11.37,23.72,82.73,-11.07,21.01,85.74,-8.46,22.1,81.11,-4.17,21.52
"Flower, water",Nutrient solution,HSR,NSA 0.5,NSA_0.5_AG,4,AG,1,4,85.38,-9.49,17.05,84.14,-9.66,18.84,80.25,-11.42,21.23,87.21,-8.1,15.96,87.23,-8.26,20.9
"Flower, water",Nutrient solution,HSR,NSA 0.5,NSA_0.5_AG,4,AG,2,4,80.86,-7.56,14,84.55,-10.01,19.71,80.81,-11.26,20.88,86.36,-7.59,14.93,86.66,-7.99,20.24
"Flower, water",Nutrient solution,HSR,NSA 0.5,NSA_0.5_AG,4,AG,3,4,71.27,-7.42,15.01,84.92,-10.28,20.05,80.63,-11.15,20.81,86.58,-7.57,15.02,86.62,-8.1,20.27
"Flower, water",Nutrient solution,HSR,NSA 0.5,NSA_0.5_AG,4,AG,1,5,70.51,-9.53,18.13,81.09,-9.26,18.28,83.01,-11.54,22.42,86,-8.28,20.47,87.39,-8.58,20.4
"Flower, water",Nutrient solution,HSR,NSA 0.5,NSA_0.5_AG,4,AG,2,5,69.83,-9.53,18.48,80.98,-9.49,18.55,82.48,-11.32,22.16,85.46,-8.31,20.45,87.88,-8.65,20.35
"Flower, water",Nutrient solution,HSR,NSA 0.5,NSA_0.5_AG,4,AG,3,5,69.29,-9.81,19.49,81.14,-9.57,18.66,82.67,-11.48,22.41,85.44,-8.35,20.51,88.17,-8.71,20.44
"Flower, water",Nutrient solution,HSR,NSA 0.5,NSA_0.5_AG,4,AG,1,6,80.97,-14.32,26.61,81.76,-9.3,18.6,83.66,-8.39,14.93,83.69,-11.7,23.66,77.06,-5.32,21.9
"Flower, water",Nutrient solution,HSR,NSA 0.5,NSA_0.5_AG,4,AG,2,6,80.58,-13.54,25.39,80.16,-9.89,18.29,83.92,-8.56,14.98,83.7,-11.81,23.81,77.11,-5.35,21.84
"Flower, water",Nutrient solution,HSR,NSA 0.5,NSA_0.5_AG,4,AG,3,6,79.15,-11.91,22.54,79.72,-9.32,18.66,84.12,-8.55,14.97,83.86,-11.92,24.03,77.07,-5.58,21.91
"Flower, water",Nutrient solution,HSR,NSA 0.5,NSA_0.5_AG,4,AG,1,7,85.19,-7.75,13.89,82.86,-9.91,19.17,84.15,-9.71,18.35,80.4,-11.46,27.87,84.28,-10.41,24.83
"Flower, water",Nutrient solution,HSR,NSA 0.5,NSA_0.5_AG,4,AG,2,7,84.85,-7.21,12.85,83.66,-9.77,18.87,83.94,-9.49,18.03,76.72,-10.51,25.68,84.36,-10.3,24.72
"Flower, water",Nutrient solution,HSR,NSA 0.5,NSA_0.5_AG,4,AG,3,7,84.77,-7.1,12.69,83.74,-9.83,17.8,82.58,-8.71,16.75,70.35,-8.33,21.81,84.37,-10.38,24.7
"Flower, water",Nutrient solution,HSR,NSA 0.5,NSA_0.5_AG,4,AG,1,8,75.43,-8.35,15.72,82.81,-8.45,16.81,85.05,-4.62,9.98,84.58,-5.91,12.46,82.65,-4.24,13.37
"Flower, water",Nutrient solution,HSR,NSA 0.5,NSA_0.5_AG,4,AG,2,8,75.71,-7.58,14.24,82.37,-8.4,16.79,84.91,-4.52,9.86,85.14,-5.96,12.66,85.87,-4.85,14.7
"Flower, water",Nutrient solution,HSR,NSA 0.5,NSA_0.5_AG,4,AG,3,8,78.19,-8.14,15.09,81.92,-8.36,16.65,84.55,-4.61,9.76,84.66,-5.89,12.55,86.51,-5,14.89
"Flower, water",Nutrient solution,HSR,NSA 0.5,NSA_0.5_AG,4,AG,1,9,84.53,-9.6,18.04,84.82,-8.73,17.26,67.72,-7.67,17.01,84.59,-7.83,20.37,80.48,-4,19.54
"Flower, water",Nutrient solution,HSR,NSA 0.5,NSA_0.5_AG,4,AG,2,9,83.71,-8.8,16.59,84.87,-8.75,17.32,68.36,-7.99,17.67,84.02,-7.66,20.27,80.5,-3.99,19.45
"Flower, water",Nutrient solution,HSR,NSA 0.5,NSA_0.5_AG,4,AG,3,9,83.14,-8.24,15.31,85.06,-8.79,17.37,69.48,-8.1,18.06,83.93,-7.58,20.24,80.55,-3.94,19.35
"Flower, water",Nutrient solution,HSR,NSA 0.5,NSA_0.5_AG,4,AG,1,10,78.57,-9.22,17.24,76.33,-10.82,21.78,82.51,-10.29,22.37,81.35,-8.7,21.54,74.88,-3.02,21.86
"Flower, water",Nutrient solution,HSR,NSA 0.5,NSA_0.5_AG,4,AG,2,10,68.42,-7.59,14.65,70.67,-8.78,18.74,82.54,-10.32,22.35,81.45,-8.61,21.48,74.87,-2.95,21.96
"Flower, water",Nutrient solution,HSR,NSA 0.5,NSA_0.5_AG,4,AG,3,10,65.56,-7.02,13.52,74.08,-9.43,20.05,83.01,-10.32,22.44,81.43,-8.74,21.47,74.9,-2.84,21.94
"Flower, water",Nutrient solution,HSR,NSA 0.5,NSA_0.5_AG,4,AG,1,11,82.7,-13.3,23.67,85.85,-9.81,19.31,81.17,-10.52,19.6,85.44,-9.02,18.2,84.75,-7.03,17.81
"Flower, water",Nutrient solution,HSR,NSA 0.5,NSA_0.5_AG,4,AG,2,11,82.77,-12.67,22.65,85.61,-9.86,19.31,81.27,-10.22,19.27,83.57,-8.43,17,84.91,-7.12,17.95
"Flower, water",Nutrient solution,HSR,NSA 0.5,NSA_0.5_AG,4,AG,3,11,81.02,-12.66,22.87,85.5,-9.78,19.3,82.14,-9.28,17.5,83.59,-8.55,17.29,85.92,-7.4,18.77
"Flower, water",Nutrient solution,HSR,NSA 0.5,NSA_0.5_AG,4,AG,1,12,84.05,-8.08,13.7,82.57,-12.32,24.32,75.39,-10.43,19.87,80.92,-10.28,23.31,84.61,-10.25,23
"Flower, water",Nutrient solution,HSR,NSA 0.5,NSA_0.5_AG,4,AG,2,12,81.57,-7.82,13.43,82,-12.08,23.89,76.87,-11.04,20.83,81.13,-10.31,23.33,85.24,-10.42,22.94
"Flower, water",Nutrient solution,HSR,NSA 0.5,NSA_0.5_AG,4,AG,3,12,77.54,-6.91,12.19,82.1,-12.09,23.89,77.49,-11.2,21.16,81.4,-10.39,23.48,85.36,-10.53,23.1
"Flower, water",Nutrient solution,HSR,NSA 0.0,NSA_0.0_CP,1,CP,1,1,68.84,12.26,1.28,80.83,9.98,1.14,75.87,15.73,0.23,71.16,15.8,3.09,81.27,10.02,5.06
"Flower, water",Nutrient solution,HSR,NSA 0.0,NSA_0.0_CP,1,CP,2,1,73.19,10.9,1.73,81.1,9.46,1.11,76.56,15.96,0.37,72.74,13.32,2.08,81.22,10.19,5.21
"Flower, water",Nutrient solution,HSR,NSA 0.0,NSA_0.0_CP,1,CP,3,1,69.33,6.76,5.1,82.29,9.72,1.37,76.9,16.31,0.48,73.89,11.71,1.68,81.2,10.16,5.21
"Flower, water",Nutrient solution,HSR,NSA 0.0,NSA_0.0_CP,1,CP,1,2,68.58,17.52,-0.33,78.53,13.69,0.44,76.28,12.41,0.28,69.83,16.38,0.95,54.41,1.77,29.77
"Flower, water",Nutrient solution,HSR,NSA 0.0,NSA_0.0_CP,1,CP,2,2,67.57,10.5,-0.29,79.34,14.06,0.43,75.6,11.61,0.21,70.46,16.02,1.49,54.72,0.64,29.17
"Flower, water",Nutrient solution,HSR,NSA 0.0,NSA_0.0_CP,1,CP,3,2,66.66,9.4,-0.19,80.47,14.51,0.73,68.46,10.71,0.37,68.11,14.28,2.13,54.93,0.77,29.23
"Flower, water",Nutrient solution,HSR,NSA 0.0,NSA_0.0_CP,1,CP,1,3,77.02,9.26,1.81,81.77,5.96,1.93,82.52,6.91,1.71,82.21,2.57,6.88,80.24,3.36,7.97
"Flower, water",Nutrient solution,HSR,NSA 0.0,NSA_0.0_CP,1,CP,2,3,78.32,9.33,2.13,80.78,5.95,1.78,81.2,6.33,1.52,82.44,2.47,6.95,82.4,3.16,8.37
"Flower, water",Nutrient solution,HSR,NSA 0.0,NSA_0.0_CP,1,CP,3,3,81.86,5.39,2.47,80.6,5.87,1.76,81.42,6.6,1.74,82.48,2.48,6.96,83.31,3.14,8.62
"Flower, water",Nutrient solution,HSR,NSA 0.0,NSA_0.0_CP,1,CP,1,4,78.6,8.66,-0.48,71.68,8.38,2.27,72.3,15.69,3.72,76.53,11.31,7.11,74.36,9.99,9.83
"Flower, water",Nutrient solution,HSR,NSA 0.0,NSA_0.0_CP,1,CP,2,4,79.07,9.62,-0.39,72.47,8.17,1.78,72.08,15.61,3.73,76.63,11.42,7.2,74.76,9.97,9.98
"Flower, water",Nutrient solution,HSR,NSA 0.0,NSA_0.0_CP,1,CP,3,4,77.77,11.97,-0.82,73.41,8.16,2.17,71.85,15.87,3.77,76.62,11.34,7.24,74.87,10.07,10.05
"Flower, water",Nutrient solution,HSR,NSA 0.0,NSA_0.0_CP,1,CP,1,5,77.9,11.87,-0.43,84.15,8.31,0.75,79.2,15.95,1.11,77.54,12.25,4.46,77.3,8.41,10.86
"Flower, water",Nutrient solution,HSR,NSA 0.0,NSA_0.0_CP,1,CP,2,5,74.09,10.34,-0.11,84.09,8.15,0.74,79.14,15.99,1.11,77.84,12.3,4.5,77.84,8.56,11.16
"Flower, water",Nutrient solution,HSR,NSA 0.0,NSA_0.0_CP,1,CP,3,5,74.12,12.66,-0.19,84.15,8.24,0.73,79,16.05,1.15,74.54,11.88,3.93,77.93,8.49,11.08
"Flower, water",Nutrient solution,HSR,NSA 0.0,NSA_0.0_CP,1,CP,1,6,83.62,8.94,1.4,78.16,7.19,3.6,82.83,9.92,5.18,74.94,8.25,11.38,67.02,8.73,19.35
"Flower, water",Nutrient solution,HSR,NSA 0.0,NSA_0.0_CP,1,CP,2,6,83.21,8.29,1.72,71.38,10.96,3.94,82.97,10.06,5.2,74.99,8.29,11.35,67.85,8.46,19.21
"Flower, water",Nutrient solution,HSR,NSA 0.0,NSA_0.0_CP,1,CP,3,6,82.52,8.17,1.81,71.33,10.85,4.01,82.87,9.89,5.19,74.59,8.19,11.14,68.01,8.55,19.07
"Flower, water",Nutrient solution,HSR,NSA 0.0,NSA_0.0_CP,1,CP,1,7,77.97,6.2,1.23,85.72,4.73,2.21,84.05,9.92,1.67,78.98,11.41,3.89,83.07,5.64,7.01
"Flower, water",Nutrient solution,HSR,NSA 0.0,NSA_0.0_CP,1,CP,2,7,83.34,8.31,1.68,81.88,4.5,2.27,84.05,18.18,1.76,76.99,10.18,3.21,83.72,5.61,7.02
"Flower, water",Nutrient solution,HSR,NSA 0.0,NSA_0.0_CP,1,CP,3,7,75.22,5.16,1.81,85.4,4.31,2.36,84.09,18.24,1.83,77.91,10.49,3.52,83.86,5.64,6.99
"Flower, water",Nutrient solution,HSR,NSA 0.0,NSA_0.0_CP,1,CP,1,8,80.02,6.46,0.06,86.07,7.9,1.34,77.28,7.51,1.48,78.99,13.76,2.12,79.38,9.99,9.08
"Flower, water",Nutrient solution,HSR,NSA 0.0,NSA_0.0_CP,1,CP,2,8,57.22,9.9,-0.88,86.4,7.89,1.46,77.14,7.22,1.32,78.66,13.76,2.09,79.41,9.87,8.14
"Flower, water",Nutrient solution,HSR,NSA 0.0,NSA_0.0_CP,1,CP,3,8,54.22,10.19,-1.15,86.61,8.82,1.58,76.73,7.96,1.52,78.38,13.59,2.07,79.43,9.82,8.13
"Flower, water",Nutrient solution,HSR,NSA 0.0,NSA_0.0_CP,1,CP,1,9,73.64,8.17,-0.58,83.53,8.35,1.88,74.75,11.07,0.53,76.21,12.11,4.91,74.31,10.81,8.34
"Flower, water",Nutrient solution,HSR,NSA 0.0,NSA_0.0_CP,1,CP,2,9,71.59,6.8,-0.3,81.6,8.03,1.45,41.89,10.88,-4.32,76.25,12.01,4.93,74.19,10.72,8.46
"Flower, water",Nutrient solution,HSR,NSA 0.0,NSA_0.0_CP,1,CP,3,9,73.05,6.83,0.05,81.06,7.94,1.37,45.49,10.09,-3.72,76.42,12.01,4.95,74.39,10.64,8.4
"Flower, water",Nutrient solution,HSR,NSA 0.0,NSA_0.0_CP,1,CP,1,10,78.31,7.87,0.3,81.73,2.77,1.86,74.72,5.15,-2.08,81.86,7.56,4.22,85.33,2.94,4.9
"Flower, water",Nutrient solution,HSR,NSA 0.0,NSA_0.0_CP,1,CP,2,10,76.36,8.17,0.18,81.19,2.77,1.78,57.86,4.93,-0.28,82.21,6.75,4.37,85.44,2.72,4.98
"Flower, water",Nutrient solution,HSR,NSA 0.0,NSA_0.0_CP,1,CP,3,10,77.12,8.3,0.27,82.08,2.76,1.9,65.41,3.91,0.82,81.8,6.59,4.45,85.45,2.72,5.08
"Flower, water",Nutrient solution,HSR,NSA 0.0,NSA_0.0_CP,1,CP,1,11,77.82,14.67,-0.93,70.67,14.34,0.45,78.97,14.01,2,71.16,12.62,5.23,72.15,9.85,9.26
"Flower, water",Nutrient solution,HSR,NSA 0.0,NSA_0.0_CP,1,CP,2,11,77.68,15.82,-0.81,73.72,16.75,1.19,79.05,14.02,2.34,71.54,13.13,5.45,72.38,10.03,9.23
"Flower, water",Nutrient solution,HSR,NSA 0.0,NSA_0.0_CP,1,CP,3,11,77.74,16,-0.78,74.44,16.96,1.24,79.22,13.96,2.85,71.23,12.76,5.34,72.35,9.99,9.36
"Flower, water",Nutrient solution,HSR,NSA 0.0,NSA_0.0_CP,1,CP,1,12,72.65,9.86,-1.02,74.11,18.03,0.48,78.5,13.33,1.97,69.4,9.35,5.13,77.19,10.49,3.74
"Flower, water",Nutrient solution,HSR,NSA 0.0,NSA_0.0_CP,1,CP,2,12,74.24,9.42,-0.88,75.79,18.36,0.68,79.57,13.57,2.15,70.92,9.63,5.5,77.22,10.44,3.77
"Flower, water",Nutrient solution,HSR,NSA 0.0,NSA_0.0_CP,1,CP,3,12,77.09,9.99,-0.54,76.08,18.33,0.74,78.79,13.68,2.19,71.12,9.98,5.68,77.22,10.55,3.85
"Flower, water",Nutrient solution,HSR,NSA 0.1,NSA_0.1_CP,2,CP,1,1,81.24,10.7,1.81,79.22,4.16,2.26,75.33,12.67,0.78,78.5,3.14,2.95,79.94,4.55,4.49
"Flower, water",Nutrient solution,HSR,NSA 0.1,NSA_0.1_CP,2,CP,2,1,83.49,4.63,1.63,81.14,4.08,2.44,75.01,13.26,0.85,75.92,3.22,3.16,79.58,4.4,4.48
"Flower, water",Nutrient solution,HSR,NSA 0.1,NSA_0.1_CP,2,CP,3,1,83.74,4.66,1.7,83.35,4.21,2.81,75.72,13.63,1.89,75.98,3.49,3.63,80.43,4.6,4.76
"Flower, water",Nutrient solution,HSR,NSA 0.1,NSA_0.1_CP,2,CP,1,2,67.12,5.22,-0.6,82.25,6.71,1.83,79.34,10.66,3.15,70.27,12.16,2.69,83.19,6.1,4.15
"Flower, water",Nutrient solution,HSR,NSA 0.1,NSA_0.1_CP,2,CP,2,2,73.2,5.21,0,81.38,6.61,1.63,79.64,10.71,3.19,78.36,9.26,5.58,83.83,6.26,4.43
"Flower, water",Nutrient solution,HSR,NSA 0.1,NSA_0.1_CP,2,CP,3,2,75.36,5.15,0.15,82.5,6.97,2.04,79.4,10.83,3.22,78.78,9.46,5.67,83.92,6.28,4.52
"Flower, water",Nutrient solution,HSR,NSA 0.1,NSA_0.1_CP,2,CP,1,3,70.48,7.94,-0.87,82.08,12.94,1.01,78.08,14.83,1.2,83.32,9.24,3.8,83.38,4.85,4.34
"Flower, water",Nutrient solution,HSR,NSA 0.1,NSA_0.1_CP,2,CP,2,3,64.56,7.25,-1.01,81.96,12.9,1.01,78.78,14.76,1.2,83.34,9.12,3.81,83.16,4.67,4.29
"Flower, water",Nutrient solution,HSR,NSA 0.1,NSA_0.1_CP,2,CP,3,3,73.04,5.15,-0.43,81.9,12.96,1.02,78.81,14.67,1.17,83.27,9.16,3.9,83.8,4.81,4.25
"Flower, water",Nutrient solution,HSR,NSA 0.1,NSA_0.1_CP,2,CP,1,4,81.47,9.8,0.66,57.36,4.66,10.79,80.73,7.32,5.92,64.55,4.98,7.56,69.88,9.38,8.44
"Flower, water",Nutrient solution,HSR,NSA 0.1,NSA_0.1_CP,2,CP,2,4,80.89,8.99,0.55,60,4,12.19,80.68,7.37,6.03,76.73,5.37,9.65,67.31,9.7,7.79
"Flower, water",Nutrient solution,HSR,NSA 0.1,NSA_0.1_CP,2,CP,3,4,79.44,8.62,0.36,60.11,4.4,12.21,80.65,7.48,6.07,78.2,5.64,10.05,67.19,9.53,7.69
"Flower, water",Nutrient solution,HSR,NSA 0.1,NSA_0.1_CP,2,CP,1,5,77.95,9.53,1.33,70.64,8.16,-0.17,77.75,14.01,8.94,82.23,9.03,1.26,75.07,12.39,0.45
"Flower, water",Nutrient solution,HSR,NSA 0.1,NSA_0.1_CP,2,CP,2,5,80.58,9.64,1.52,67.77,9.89,-0.61,77.88,14.25,1.01,81.71,9.21,1.21,76.57,11.34,0.68
"Flower, water",Nutrient solution,HSR,NSA 0.1,NSA_0.1_CP,2,CP,3,5,80.37,9.38,1.37,69.85,10.16,-0.38,78.62,14.9,1.24,81.71,9.37,1.23,76.4,11.09,0.79
"Flower, water",Nutrient solution,HSR,NSA 0.1,NSA_0.1_CP,2,CP,1,6,74.23,2.7,1.06,81.87,2.85,1.82,84.11,6.79,3.46,76.72,5.58,7.41,79.13,4.98,8.32
"Flower, water",Nutrient solution,HSR,NSA 0.1,NSA_0.1_CP,2,CP,2,6,81.94,3.31,3.04,84.47,2.9,2.14,83.88,6.94,3.46,77,5.56,7.59,78.67,5.01,8.26
"Flower, water",Nutrient solution,HSR,NSA 0.1,NSA_0.1_CP,2,CP,3,6,84.08,3.64,3.54,85.95,3.13,2.44,83.7,6.96,3.48,77.25,5.4,7.65,79.71,4.82,8.43
"Flower, water",Nutrient solution,HSR,NSA 0.1,NSA_0.1_CP,2,CP,1,7,79.91,10.53,1.27,81.63,6.28,1.45,80.49,9.01,2.73,81.04,2.27,6.1,81.17,1.45,4.83
"Flower, water",Nutrient solution,HSR,NSA 0.1,NSA_0.1_CP,2,CP,2,7,81.15,11.14,1.59,76.42,5.5,1.45,81.43,9.06,2.94,81.48,2.04,6.18,78.96,1.53,4.2
"Flower, water",Nutrient solution,HSR,NSA 0.1,NSA_0.1_CP,2,CP,3,7,81.23,11.14,1.64,76.32,5.42,1.37,81.35,8.97,2.9,81.84,1.97,6.18,83.67,2.78,6.98
"Flower, water",Nutrient solution,HSR,NSA 0.1,NSA_0.1_CP,2,CP,1,8,74.53,8.09,0.45,69.12,8.4,1.12,83.02,8.54,2.43,73.15,9.92,5.56,72.14,9.9,6.89
"Flower, water",Nutrient solution,HSR,NSA 0.1,NSA_0.1_CP,2,CP,2,8,74.43,8.46,0.66,71.39,8.87,1.54,83.12,8.59,2.46,73.78,10.09,5.81,71.29,9.77,6.4
"Flower, water",Nutrient solution,HSR,NSA 0.1,NSA_0.1_CP,2,CP,3,8,74.88,8.61,0.79,72.23,9.24,2.01,83.53,8.52,2.45,73.99,10.06,5.84,71.39,9.58,6.41
"Flower, water",Nutrient solution,HSR,NSA 0.1,NSA_0.1_CP,2,CP,1,9,76.5,17.45,-0.12,79.57,5.52,3.1,81.16,12.26,1.97,77.84,4.67,8.78,71.66,13.21,12.98
"Flower, water",Nutrient solution,HSR,NSA 0.1,NSA_0.1_CP,2,CP,2,9,76.99,17.85,-0.03,79.83,5.42,3.08,81.01,12.12,1.88,78.78,4.74,9.14,71.57,13.13,12.97
"Flower, water",Nutrient solution,HSR,NSA 0.1,NSA_0.1_CP,2,CP,3,9,77.03,17.91,-0.01,80.05,5.53,3.08,81.14,12.22,1.93,79.13,4.72,9.21,71.6,13.16,13.05
"Flower, water",Nutrient solution,HSR,NSA 0.1,NSA_0.1_CP,2,CP,1,10,84.59,3.84,2.29,79.78,7.73,1.45,74.83,20.1,0.72,83.4,7.11,3.55,79.48,13.33,3.55
"Flower, water",Nutrient solution,HSR,NSA 0.1,NSA_0.1_CP,2,CP,2,10,83.61,3.97,2.31,78.78,8.01,1.22,74.81,20.26,0.73,82.62,7.05,3.52,79.76,13.86,3.82
"Flower, water",Nutrient solution,HSR,NSA 0.1,NSA_0.1_CP,2,CP,3,10,82.47,4.27,2.38,77.66,8.24,1.01,74.92,20.33,0.78,82.83,7.2,3.67,79.83,13.64,3.69
"Flower, water",Nutrient solution,HSR,NSA 0.1,NSA_0.1_CP,2,CP,1,11,81.25,9.36,1.39,81.62,4.57,6.3,82.84,7.29,5.77,75.85,14.26,0.76,77.78,8.11,3.81
"Flower, water",Nutrient solution,HSR,NSA 0.1,NSA_0.1_CP,2,CP,2,11,80.72,9.38,1.29,81.76,4.68,6.69,82.68,7.16,5.72,75.26,13.52,0.94,80.14,6.77,3.94
"Flower, water",Nutrient solution,HSR,NSA 0.1,NSA_0.1_CP,2,CP,3,11,80.43,10.31,1.33,82.09,4.95,6.92,82.79,7.24,5.78,74.96,13.4,0.98,81.02,6.46,4.08
"Flower, water",Nutrient solution,HSR,NSA 0.1,NSA_0.1_CP,2,CP,1,12,79.22,13.51,0.22,74.83,20.1,0.72,73.78,14.75,2.46,79.36,3.76,9.81,78.18,3.83,15.85
"Flower, water",Nutrient solution,HSR,NSA 0.1,NSA_0.1_CP,2,CP,2,12,77.76,12.29,0.35,74.81,20.26,0.73,72.81,14.28,2.15,79.34,3.7,9.87,78.21,3.93,16.03
"Flower, water",Nutrient solution,HSR,NSA 0.1,NSA_0.1_CP,2,CP,3,12,79.11,9.82,1.13,74.92,20.33,0.78,73.31,14.4,2.28,79.35,3.62,9.94,78.28,3.83,15.99
"Flower, water",Nutrient solution,HSR,NSA 0.3,NSA_0.3_CP,3,CP,1,1,79.54,7.39,1.18,76.65,7.85,1.94,81.98,12.16,1.61,76.99,16.03,2.74,81.55,9.98,4.42
"Flower, water",Nutrient solution,HSR,NSA 0.3,NSA_0.3_CP,3,CP,2,1,81.88,6.68,10.21,76.89,8.01,2.15,81.78,12.23,1.64,73.84,15.9,2.05,81.18,10.02,4.42
"Flower, water",Nutrient solution,HSR,NSA 0.3,NSA_0.3_CP,3,CP,3,1,82.35,6.68,1.23,77.17,8.06,2.19,81.94,12.3,1.62,72.53,14.68,1.55,81.2,9.98,4.39
"Flower, water",Nutrient solution,HSR,NSA 0.3,NSA_0.3_CP,3,CP,1,2,76.45,6.36,0.63,77,3.61,0.51,81.25,12.7,1.5,82.34,11.23,2.24,78.86,13.65,4.59
"Flower, water",Nutrient solution,HSR,NSA 0.3,NSA_0.3_CP,3,CP,2,2,77.81,7.81,1.29,76.98,3.43,0.52,81.58,12.86,1.59,82.29,11.17,2.29,79.02,13.85,4.71
"Flower, water",Nutrient solution,HSR,NSA 0.3,NSA_0.3_CP,3,CP,3,2,78,8.09,0.88,77.75,3.39,0.72,81.66,12.89,1.64,82.32,11.19,2.3,79.17,13.82,4.69
"Flower, water",Nutrient solution,HSR,NSA 0.3,NSA_0.3_CP,3,CP,1,3,69.65,14.91,-1.1,74.83,14.63,-0.49,80.2,12.28,0.91,79.42,11.28,1.81,82,10.32,3.1
"Flower, water",Nutrient solution,HSR,NSA 0.3,NSA_0.3_CP,3,CP,2,3,69.36,15.05,-0.95,75.88,15.41,-0.43,80.32,11.08,0.86,79.64,11.22,1.93,81.97,10.37,3.11
"Flower, water",Nutrient solution,HSR,NSA 0.3,NSA_0.3_CP,3,CP,3,3,68.05,14.74,-0.85,77.49,15.06,-0.28,80.46,10.98,0.81,79.75,11.04,1.96,82.23,10.46,3.27
"Flower, water",Nutrient solution,HSR,NSA 0.3,NSA_0.3_CP,3,CP,1,4,76.19,14.47,0.59,78.83,4.76,1.12,79.96,16.3,1.56,75.83,12.78,6.93,72.41,15.44,5.9
"Flower, water",Nutrient solution,HSR,NSA 0.3,NSA_0.3_CP,3,CP,2,4,75.61,13.74,0.75,77.27,4.36,0.9,79.68,16.07,1.49,75.63,12.63,6.83,72.64,15.54,5.92
"Flower, water",Nutrient solution,HSR,NSA 0.3,NSA_0.3_CP,3,CP,3,4,76.9,12.42,1.3,79.25,4.14,1.32,79.73,15.99,1.47,75.6,12.56,6.86,72.68,15.62,5.95
"Flower, water",Nutrient solution,HSR,NSA 0.3,NSA_0.3_CP,3,CP,1,5,78.14,13.19,0.62,82.58,8.76,1.62,78.24,15.18,0.68,79.42,11.96,1.43,82.35,8.8,2.39
"Flower, water",Nutrient solution,HSR,NSA 0.3,NSA_0.3_CP,3,CP,2,5,78.7,11.9,0.8,82.76,8.71,1.66,79.17,15.46,0.86,79.26,11.87,1.4,82.2,9.79,2.35
"Flower, water",Nutrient solution,HSR,NSA 0.3,NSA_0.3_CP,3,CP,3,5,76.58,12.24,0.68,83.51,8.96,1.9,79.39,15.59,0.95,79.41,12.06,1.47,82.19,8.77,2.36
"Flower, water",Nutrient solution,HSR,NSA 0.3,NSA_0.3_CP,3,CP,1,6,71.25,15.49,-0.41,56.49,6.95,0.68,83.45,9.4,1.46,77.63,8.84,4.97,81.91,7.55,5.32
"Flower, water",Nutrient solution,HSR,NSA 0.3,NSA_0.3_CP,3,CP,2,6,76.39,14.7,0.01,57.61,6.12,-0.19,84.05,9.71,1.54,77.41,8.8,4.87,81.73,7.63,5.43
"Flower, water",Nutrient solution,HSR,NSA 0.3,NSA_0.3_CP,3,CP,3,6,77.78,14.21,0.11,62.15,5.8,0.49,84.41,9.85,1.54,77.34,8.67,4.89,81.84,7.47,5.33
"Flower, water",Nutrient solution,HSR,NSA 0.3,NSA_0.3_CP,3,CP,1,7,80.75,7.29,0.42,77.08,7.05,1.15,78.45,12.54,1.57,83.21,6.97,4.74,76.19,3.13,15.51
"Flower, water",Nutrient solution,HSR,NSA 0.3,NSA_0.3_CP,3,CP,2,7,81.25,7.79,0.64,76.96,7.04,1.24,78.84,12.46,1.49,82.9,6.85,4.78,75.92,3.04,15.57
"Flower, water",Nutrient solution,HSR,NSA 0.3,NSA_0.3_CP,3,CP,3,7,80.72,7.82,0.8,77.29,7.05,1.27,79.26,12.79,1.63,82.87,6.88,4.79,76.36,2.98,15.84
"Flower, water",Nutrient solution,HSR,NSA 0.3,NSA_0.3_CP,3,CP,1,8,55.02,9.82,-0.56,57.9,4.84,5.46,81.87,7.83,3.02,82.93,7.33,2.17,85.56,3.37,4.91
"Flower, water",Nutrient solution,HSR,NSA 0.3,NSA_0.3_CP,3,CP,2,8,48.4,9.83,-0.98,59.73,3.74,8.21,81.96,7.83,3.12,83.08,7.33,2.19,85.38,3.23,4.96
"Flower, water",Nutrient solution,HSR,NSA 0.3,NSA_0.3_CP,3,CP,3,8,43.78,10.14,-1.81,60.8,2.32,12.74,81.03,7.58,2.91,83.41,7.6,2.32,85.48,3.21,4.98
"Flower, water",Nutrient solution,HSR,NSA 0.3,NSA_0.3_CP,3,CP,1,9,75.23,12.95,0.2,74.51,7.73,0.25,73.78,14.75,2.46,80.16,11.58,5.11,76.15,8.82,10.04
"Flower, water",Nutrient solution,HSR,NSA 0.3,NSA_0.3_CP,3,CP,2,9,65.13,9.39,-0.31,76.79,7.83,0.44,72.81,14.28,2.15,80.21,11.49,5.17,76.46,8.66,10.12
"Flower, water",Nutrient solution,HSR,NSA 0.3,NSA_0.3_CP,3,CP,3,9,69.91,5.88,-0.2,77.87,7.85,0.58,73.31,14.4,2.28,80.31,11.58,5.2,76.48,8.73,10.1
"Flower, water",Nutrient solution,HSR,NSA 0.3,NSA_0.3_CP,3,CP,1,10,80.64,9.95,0.68,84.56,6.92,1.81,78.07,8.61,1.38,73.34,17.06,5.16,76.17,8.92,9.14
"Flower, water",Nutrient solution,HSR,NSA 0.3,NSA_0.3_CP,3,CP,2,10,80.8,10.28,0.87,83.77,6.68,1.7,77.69,8.57,1.27,73.34,17.02,5.2,77.64,8.67,9.42
"Flower, water",Nutrient solution,HSR,NSA 0.3,NSA_0.3_CP,3,CP,3,10,80.77,10.62,1.08,84.29,6.85,1.92,78.1,8.65,1.39,83.48,17.14,5.12,78.41,8.65,9.41
"Flower, water",Nutrient solution,HSR,NSA 0.3,NSA_0.3_CP,3,CP,1,11,79.76,8.3,1.76,84.35,6.2,1.52,82.22,13.11,1.39,80.41,10.52,4.27,81.77,7.5,5.92
"Flower, water",Nutrient solution,HSR,NSA 0.3,NSA_0.3_CP,3,CP,2,11,79.2,8.65,1.74,78.94,5.76,0.57,82.27,13.15,1.42,81.5,9.96,4.34,81.95,7.41,6
"Flower, water",Nutrient solution,HSR,NSA 0.3,NSA_0.3_CP,3,CP,3,11,78.79,8.73,1.54,75.21,5.41,-0.04,82.33,13.3,1.44,81.74,9.88,4.4,81.99,7.3,6.12
"Flower, water",Nutrient solution,HSR,NSA 0.3,NSA_0.3_CP,3,CP,1,12,76,10.76,0.18,71.97,5.89,1.09,82.79,9.87,4.01,72.26,3.84,9.55,75.93,2.79,12.21
"Flower, water",Nutrient solution,HSR,NSA 0.3,NSA_0.3_CP,3,CP,2,12,76.27,11.07,0.1,72.33,5.83,1.04,82.88,9.85,4.06,74.89,3.56,10.14,75.49,2.8,11.81
"Flower, water",Nutrient solution,HSR,NSA 0.3,NSA_0.3_CP,3,CP,3,12,77.6,11.6,-0.14,73.53,5.78,1.32,82.92,9.93,4.03,76.22,3.49,10.46,76.16,2.75,12.25
"Flower, water",Nutrient solution,HSR,NSA 0.5,NSA_0.5_CP,4,CP,1,1,84.03,4.7,1.87,81.57,5.31,1.9,86.99,6.28,4.88,74.19,3.67,6.46,74.79,5.59,13.03
"Flower, water",Nutrient solution,HSR,NSA 0.5,NSA_0.5_CP,4,CP,2,1,80.21,4.28,0.9,81.06,5.4,1.9,86.49,6.27,4.81,77.9,5.82,7.79,74.11,5.49,13
"Flower, water",Nutrient solution,HSR,NSA 0.5,NSA_0.5_CP,4,CP,3,1,77.15,4.58,0.48,82.46,5.71,2.1,86.83,6.26,4.79,77.75,5.76,7.74,74.45,5.86,13.51
"Flower, water",Nutrient solution,HSR,NSA 0.5,NSA_0.5_CP,4,CP,1,2,77.93,6.25,0.79,80.53,6.2,0.84,73.11,5.34,8.34,82.91,7.22,2,77.57,4.09,4.31
"Flower, water",Nutrient solution,HSR,NSA 0.5,NSA_0.5_CP,4,CP,2,2,77.77,6.48,0.83,80.39,6.11,0.83,74.23,5.18,8.58,82.98,7.27,2.03,77.84,4.89,4.44
"Flower, water",Nutrient solution,HSR,NSA 0.5,NSA_0.5_CP,4,CP,3,2,82.93,5.52,2.24,80.33,6.12,0.84,77.27,5.82,8.39,83.17,7.37,2.05,80.47,4.13,4.93
"Flower, water",Nutrient solution,HSR,NSA 0.5,NSA_0.5_CP,4,CP,1,3,73.21,16.03,0.12,79.24,16.29,-0.14,71.72,2.17,5.34,82.07,6.72,3.3,71.49,16.06,0.63
"Flower, water",Nutrient solution,HSR,NSA 0.5,NSA_0.5_CP,4,CP,2,3,74.38,17.16,0.58,79.34,16.51,-0.03,75.86,1.45,5.43,81.54,6.7,3.23,71.7,16.03,0.71
"Flower, water",Nutrient solution,HSR,NSA 0.5,NSA_0.5_CP,4,CP,3,3,74.8,17.3,0.78,79.45,16.64,0,77.42,0.96,5.85,82.56,6.87,3.53,71.9,16.16,0.81
"Flower, water",Nutrient solution,HSR,NSA 0.5,NSA_0.5_CP,4,CP,1,4,68.84,7.79,-0.21,76.71,13.45,0.84,57.75,3.08,3.16,75.75,6.8,3.96,71.16,8.71,17.56
"Flower, water",Nutrient solution,HSR,NSA 0.5,NSA_0.5_CP,4,CP,2,4,73.63,8.1,-0.1,77.73,13.63,1,57.92,3.07,3.13,76.29,6.86,4.11,71.56,8.78,17.49
"Flower, water",Nutrient solution,HSR,NSA 0.5,NSA_0.5_CP,4,CP,3,4,78.26,9.05,-0.05,78.77,13.79,1.22,59.18,2.88,3.31,76.22,6.72,4.04,71.68,8.76,17.57
"Flower, water",Nutrient solution,HSR,NSA 0.5,NSA_0.5_CP,4,CP,1,5,77.86,7.31,2.61,80.58,3.23,1.88,81.83,2.43,3.81,85.47,6.79,4.34,85.98,2.72,4.22
"Flower, water",Nutrient solution,HSR,NSA 0.5,NSA_0.5_CP,4,CP,2,5,76.81,6.6,2.9,81.83,3.18,2.08,79.34,2.43,3.32,85.16,6.47,4.16,85.91,2.74,4.2
"Flower, water",Nutrient solution,HSR,NSA 0.5,NSA_0.5_CP,4,CP,3,5,77.73,4.79,2.85,81.59,3.03,1.91,81.28,2.55,3.81,84.74,6.19,3.88,86.77,2.8,4.51
"Flower, water",Nutrient solution,HSR,NSA 0.5,NSA_0.5_CP,4,CP,1,6,72.29,10.66,0.84,77.05,15.3,0.15,67.06,3.74,6.56,76.07,10.36,3.75,74.42,12.8,3.8
"Flower, water",Nutrient solution,HSR,NSA 0.5,NSA_0.5_CP,4,CP,2,6,68.64,14.32,-0.41,77.09,15.48,0.15,60.68,4.17,4.87,75.67,11.08,3.76,75.15,12.59,3.91
"Flower, water",Nutrient solution,HSR,NSA 0.5,NSA_0.5_CP,4,CP,3,6,64.72,13.55,-1,77.15,15.49,0.18,60.9,4.12,4.81,75.56,11.23,3.78,76.51,11.91,4.25
"Flower, water",Nutrient solution,HSR,NSA 0.5,NSA_0.5_CP,4,CP,1,7,78.71,6.41,1.29,76.69,3.88,2.41,83.14,8.77,3.39,73.26,6.89,2.42,76.73,10.85,6.37
"Flower, water",Nutrient solution,HSR,NSA 0.5,NSA_0.5_CP,4,CP,2,7,80.51,6.04,1.35,72.42,4.43,2.03,83.42,8.81,3.48,79.94,6.77,3.11,76.16,9.9,6.54
"Flower, water",Nutrient solution,HSR,NSA 0.5,NSA_0.5_CP,4,CP,3,7,76.82,7.13,1.15,74.57,4.12,2.18,83.8,8.94,3.64,80.54,6.76,3.23,76.85,9.79,6.9
"Flower, water",Nutrient solution,HSR,NSA 0.5,NSA_0.5_CP,4,CP,1,8,77.86,4.92,0.25,77.22,10.68,1.04,82.81,12.37,1.29,76.37,12.61,3.94,65.56,2.93,13.27
"Flower, water",Nutrient solution,HSR,NSA 0.5,NSA_0.5_CP,4,CP,2,8,71.41,5.22,-0.37,77.13,10.7,1.06,82.5,12.18,1.28,76.92,13.04,4.12,67.41,1.06,11.21
"Flower, water",Nutrient solution,HSR,NSA 0.5,NSA_0.5_CP,4,CP,3,8,74.6,8.2,-0.33,78.11,10.95,1.33,82.65,12.37,1.28,77.02,13.14,4.19,70.87,1.45,10.92
"Flower, water",Nutrient solution,HSR,NSA 0.5,NSA_0.5_CP,4,CP,1,9,74.63,2.56,8.75,80.92,1.76,3.07,86.39,2.88,7.82,80.39,4.92,2.12,83.36,1.04,5.41
"Flower, water",Nutrient solution,HSR,NSA 0.5,NSA_0.5_CP,4,CP,2,9,73.91,1.61,7.58,80.67,1.83,2.9,85.94,2.81,6.88,78.22,3.23,1.78,83.5,0.86,5.48
"Flower, water",Nutrient solution,HSR,NSA 0.5,NSA_0.5_CP,4,CP,3,9,70.24,2.28,6.61,83.35,1.7,3.19,86.73,2.82,6.95,80.01,2.69,2.41,84.62,0.9,5.79
"Flower, water",Nutrient solution,HSR,NSA 0.5,NSA_0.5_CP,4,CP,1,10,74.78,7.33,3.58,83.85,9.36,0.83,84.03,8.45,2.47,83.89,9.29,2.53,79.34,5.12,3.56
"Flower, water",Nutrient solution,HSR,NSA 0.5,NSA_0.5_CP,4,CP,2,10,76.31,7.34,3.73,83.46,9.1,0.74,83.22,8.25,2.23,83.82,9.36,2.5,81.06,5.01,3.8
"Flower, water",Nutrient solution,HSR,NSA 0.5,NSA_0.5_CP,4,CP,3,10,76.18,7.12,3.7,83.57,9.11,0.7,83.84,8.79,2.45,83.93,9.34,2.6,81.99,5.01,3.94
"Flower, water",Nutrient solution,HSR,NSA 0.5,NSA_0.5_CP,4,CP,1,11,63.45,6.81,2.34,85.25,5.26,3.75,82,4.78,3.96,71.25,0.65,4.39,76.99,5.13,6.69
"Flower, water",Nutrient solution,HSR,NSA 0.5,NSA_0.5_CP,4,CP,2,11,64.67,14.08,-2.43,85.33,5.29,3.83,81.81,4.85,4.11,79.39,0.75,3.74,78.63,5.23,7.25
"Flower, water",Nutrient solution,HSR,NSA 0.5,NSA_0.5_CP,4,CP,3,11,77.66,5.17,5.78,85.43,5.33,3.88,82.04,4.78,4.22,80.09,0.73,3.83,79.69,5.12,7.7
"Flower, water",Nutrient solution,HSR,NSA 0.5,NSA_0.5_CP,4,CP,1,12,77.18,16.66,-0.33,85.15,5.03,2.72,85.21,5.81,2.54,84.56,4.37,2.96,78.08,11.66,1.99
"Flower, water",Nutrient solution,HSR,NSA 0.5,NSA_0.5_CP,4,CP,2,12,77.49,16.81,-0.25,84.56,4.81,2.6,85.06,5.78,2.52,83.16,4.23,2.82,78.16,11.72,2.06
"Flower, water",Nutrient solution,HSR,NSA 0.5,NSA_0.5_CP,4,CP,3,12,77.47,16.76,-0.22,84.55,4.73,2.62,85.59,6.06,2.73,82.7,4.28,2.79,78.27,11.76,2.08
"Flower, water",Nutrient solution,HSR,NSA 0.0,NSA_0.0_BP,1,BP,1,1,64.49,17.06,-16.87,51.77,25.7,-22.63,73.06,5.88,-4.6,59.56,18.37,-17.77,68.21,6.78,-3.96
"Flower, water",Nutrient solution,HSR,NSA 0.0,NSA_0.0_BP,1,BP,2,1,61.38,19.25,-18.75,47.53,29.1,-25.79,72.14,5.76,-4.56,59.3,18.43,-17.82,69.91,9.77,-7.04
"Flower, water",Nutrient solution,HSR,NSA 0.0,NSA_0.0_BP,1,BP,3,1,57.72,21.68,-20.66,46.89,29.26,-26.08,71.71,5.74,-4.55,59.25,18.48,-17.85,70.6,9.7,-6.83
"Flower, water",Nutrient solution,HSR,NSA 0.0,NSA_0.0_BP,1,BP,1,2,56.51,19.85,-18.26,73.88,9.78,-9.7,74.59,5.59,-4.49,82.69,4.33,-2.51,83.11,1.45,11.5
"Flower, water",Nutrient solution,HSR,NSA 0.0,NSA_0.0_BP,1,BP,2,2,56.67,19.91,-18.1,75.27,7.82,-7.87,73.96,6.17,-5.1,82.96,4.23,-2.43,79.54,2.88,7.9
"Flower, water",Nutrient solution,HSR,NSA 0.0,NSA_0.0_BP,1,BP,3,2,57.06,17.27,-15.61,76.53,6.32,-6.21,73.46,6.99,-6.18,83.26,4.31,-2.39,79.52,2.83,7.89
"Flower, water",Nutrient solution,HSR,NSA 0.0,NSA_0.0_BP,1,BP,1,3,48.7,25.31,-22.78,36.58,28.56,-25.29,43.38,19.3,-10.79,73.49,6.79,-2.89,64.56,5.38,18.91
"Flower, water",Nutrient solution,HSR,NSA 0.0,NSA_0.0_BP,1,BP,2,3,49.13,25.15,-22.67,36.4,27.98,-24.6,42.98,19.48,-10.98,72.93,6.97,-3.01,64.93,5.24,19.11
"Flower, water",Nutrient solution,HSR,NSA 0.0,NSA_0.0_BP,1,BP,3,3,49.07,25.12,-22.61,36.25,28.78,-25.18,43.23,20.41,-12.42,73.35,6.92,-3.01,65.39,5.04,19.04
"Flower, water",Nutrient solution,HSR,NSA 0.0,NSA_0.0_BP,1,BP,1,4,39.67,27.23,-22.92,51.94,22.39,-20.36,39.25,32.26,-26.74,55.43,20.27,-17.58,46.71,24.21,-21.4
"Flower, water",Nutrient solution,HSR,NSA 0.0,NSA_0.0_BP,1,BP,2,4,41.12,27.67,-23.39,49.8,23.85,-21.69,39.07,31.85,-26.36,55.49,20.28,-17.38,46.49,24.32,-21.39
"Flower, water",Nutrient solution,HSR,NSA 0.0,NSA_0.0_BP,1,BP,3,4,41.52,27.73,-23.47,48.51,25.55,-22.89,38.95,32.24,-26.7,55.46,20.24,-17.37,46.68,24.19,-21.43
"Flower, water",Nutrient solution,HSR,NSA 0.0,NSA_0.0_BP,1,BP,1,5,72.93,1.84,-1.01,55.28,23.47,-24.2,85.21,4.55,-3.91,53.99,21.82,-20.28,50.31,20.85,-19.39
"Flower, water",Nutrient solution,HSR,NSA 0.0,NSA_0.0_BP,1,BP,2,5,76.45,0.99,0.42,53.88,24.16,-24.52,82.49,3.24,-2.37,53.27,21.22,-19.69,49.88,20.91,-19.52
"Flower, water",Nutrient solution,HSR,NSA 0.0,NSA_0.0_BP,1,BP,3,5,78.21,0.92,0.38,53.51,24.2,-24.67,81.75,3.2,-1.85,53.3,21.25,-19.55,50,20.74,-19.49
"Flower, water",Nutrient solution,HSR,NSA 0.0,NSA_0.0_BP,1,BP,1,6,47.47,24.52,-20.26,59.98,3.83,-2.37,44.28,27.61,-23.98,66.02,12.59,-12.19,78.66,6.17,-3.94
"Flower, water",Nutrient solution,HSR,NSA 0.0,NSA_0.0_BP,1,BP,2,6,46.74,25.85,-20.94,59.33,3.89,-2.42,44.5,27.08,-23.65,66.1,12.49,-12.08,78.69,6.19,-3.92
"Flower, water",Nutrient solution,HSR,NSA 0.0,NSA_0.0_BP,1,BP,3,6,46.62,26.37,-21.27,60.87,3.98,-2.69,44.86,27.12,-23.75,66.36,12.35,-11.93,78.67,6.22,-3.87
"Flower, water",Nutrient solution,HSR,NSA 0.0,NSA_0.0_BP,1,BP,1,7,60.45,18.28,-16.47,45.91,4.91,3.87,42.63,30.58,-26.93,52.59,20.83,-16.33,89.26,-0.36,7.68
"Flower, water",Nutrient solution,HSR,NSA 0.0,NSA_0.0_BP,1,BP,2,7,59.07,18.83,-16.99,48.26,4.66,5.61,42.33,30.61,-26.97,52.46,20.59,-16.21,85.12,0.5,5.8
"Flower, water",Nutrient solution,HSR,NSA 0.0,NSA_0.0_BP,1,BP,3,7,59.31,19.01,-17.15,48.74,4.3,5.51,42.4,30.53,-26.74,51.96,20.77,-16.32,86.58,0.48,6.06
"Flower, water",Nutrient solution,HSR,NSA 0.0,NSA_0.0_BP,1,BP,1,8,53.92,23.4,-20.61,79.52,2.26,-1.63,69.66,12.33,-10.84,57.75,20.66,-20.49,47.29,22.1,-19.87
"Flower, water",Nutrient solution,HSR,NSA 0.0,NSA_0.0_BP,1,BP,2,8,52.51,25.26,-21.99,78.55,3.4,-2.75,55.39,19.99,-17.91,54.01,22.61,-22.35,48.1,21.19,-19.38
"Flower, water",Nutrient solution,HSR,NSA 0.0,NSA_0.0_BP,1,BP,3,8,51.86,25.99,-22.61,76.69,7.08,-7.49,65.35,8.98,-7.85,56.31,20.21,-19.99,49.27,20.58,-18.88
"Flower, water",Nutrient solution,HSR,NSA 0.0,NSA_0.0_BP,1,BP,1,9,48.71,23.54,-21.38,48.52,21.95,-20.37,49.08,23.37,-20.22,89.36,0.82,3.03,56.01,19.23,-17.44
"Flower, water",Nutrient solution,HSR,NSA 0.0,NSA_0.0_BP,1,BP,2,9,48.9,24.27,-21.72,49.54,21.44,-19.93,45.52,24.48,-21.41,88.03,0.44,1.95,54.06,20.28,-18.3
"Flower, water",Nutrient solution,HSR,NSA 0.0,NSA_0.0_BP,1,BP,3,9,49.28,23.96,-21.53,49.8,21.46,-20,46.64,23.66,-20.5,88.61,0.27,2.32,53.9,20.23,-18.35
"Flower, water",Nutrient solution,HSR,NSA 0.0,NSA_0.0_BP,1,BP,1,10,49.23,28.91,-25.01,40.85,33.34,-28.77,67.04,13.31,-13.44,54.39,23.33,-22.11,46.76,21.75,-16.59
"Flower, water",Nutrient solution,HSR,NSA 0.0,NSA_0.0_BP,1,BP,2,10,49.47,28.69,-25.62,41.47,32.78,-28.38,66.28,12.98,-13.22,55.5,21.18,-20.14,46.44,21.75,-16.7
"Flower, water",Nutrient solution,HSR,NSA 0.0,NSA_0.0_BP,1,BP,3,10,49.97,28.13,-25.27,42.23,32.18,-28.03,68.22,12.7,-12.91,55.54,22.88,-20.96,46.49,21.55,-16.69
"Flower, water",Nutrient solution,HSR,NSA 0.0,NSA_0.0_BP,1,BP,1,11,48.46,18.18,-16.69,56.07,18.58,-17.55,38.89,22.69,-16,50.22,24.61,-23.61,72.73,4.05,3.93
"Flower, water",Nutrient solution,HSR,NSA 0.0,NSA_0.0_BP,1,BP,2,11,50.17,17.2,-15.85,55.59,18.46,-17.55,39.17,22.85,-16,48.74,22.42,-21.84,72.83,3.96,3.98
"Flower, water",Nutrient solution,HSR,NSA 0.0,NSA_0.0_BP,1,BP,3,11,50.93,17.21,-15.95,55.6,18.34,-17.55,39.21,22.98,-16.14,44.03,24.64,-23.36,72.86,3.99,4.01
"Flower, water",Nutrient solution,HSR,NSA 0.0,NSA_0.0_BP,1,BP,1,12,50.04,23.27,-21.23,45.9,29.57,-26.59,51.08,11.81,-9.54,46.11,24.01,-21.88,65.29,9.76,-7.45
"Flower, water",Nutrient solution,HSR,NSA 0.0,NSA_0.0_BP,1,BP,2,12,51.57,22.23,-20.46,45.68,29.94,-26.84,58.01,13.52,-11.87,46.12,24.21,-21.78,64.87,9.95,-7.67
"Flower, water",Nutrient solution,HSR,NSA 0.0,NSA_0.0_BP,1,BP,3,12,52.03,21.88,-20.28,46.03,29.62,-26.82,71.2,8.45,-7.64,45.99,24.24,-21.89,64.74,10.12,-7.72
"Flower, water",Nutrient solution,HSR,NSA 0.1,NSA_0.1_BP,2,BP,1,1,52.48,23.37,-21.92,65.14,-3.1,16.99,60.41,19.78,-20.11,81.27,5.87,-4.19,50.69,22.07,-21.79
"Flower, water",Nutrient solution,HSR,NSA 0.1,NSA_0.1_BP,2,BP,2,1,55.35,20.81,-20.07,49.82,-0.69,22.24,61.07,19.46,-19.83,80.66,6.01,-4.53,54.38,20.01,-19.22
"Flower, water",Nutrient solution,HSR,NSA 0.1,NSA_0.1_BP,2,BP,3,1,55.04,20.95,-20.12,48.01,0.79,18.26,61.44,19.41,-19.6,80.77,5.95,-4.47,58.1,17.32,-17.06
"Flower, water",Nutrient solution,HSR,NSA 0.1,NSA_0.1_BP,2,BP,1,2,51.57,26.76,-25.12,51.85,22.38,-21.4,72.13,5.35,-4.99,47.92,25.61,-24.07,58.05,18.46,-18.56
"Flower, water",Nutrient solution,HSR,NSA 0.1,NSA_0.1_BP,2,BP,2,2,53.66,25.36,-23.96,52.02,22.45,-21.41,76.9,4.79,-4.36,47.7,24.87,-23.25,58.14,18.55,-18.46
"Flower, water",Nutrient solution,HSR,NSA 0.1,NSA_0.1_BP,2,BP,3,2,54.01,25.05,-23.84,52.08,22.57,-21.39,77.35,4.5,-4.17,47.62,24.95,-23.38,58.18,18.5,-18.49
"Flower, water",Nutrient solution,HSR,NSA 0.1,NSA_0.1_BP,2,BP,1,3,45.36,27.84,-24.59,41.18,26.59,-22.9,55.94,15.99,-13.93,74.29,8.91,-7.28,72.88,9.34,-8.08
"Flower, water",Nutrient solution,HSR,NSA 0.1,NSA_0.1_BP,2,BP,2,3,45.68,28.08,-24.65,40.96,26.93,-23.1,48.43,20.35,-18.67,74.11,8.98,-7.29,72.88,9.47,-8.12
"Flower, water",Nutrient solution,HSR,NSA 0.1,NSA_0.1_BP,2,BP,3,3,46.07,27.99,-24.77,41.07,27.74,-23.72,48.78,20.3,-18.68,74.36,8.97,-7.34,73.34,9.28,-7.97
"Flower, water",Nutrient solution,HSR,NSA 0.1,NSA_0.1_BP,2,BP,1,4,46.91,25.59,-22.81,44.08,27.02,-24.2,81.88,4.94,-3.81,60.82,14.6,-12.62,48.6,21.58,-20.72
"Flower, water",Nutrient solution,HSR,NSA 0.1,NSA_0.1_BP,2,BP,2,4,47.1,26.02,-22.95,43.37,28.11,-25.02,79.01,4.91,-4.37,61.28,14.37,-12.25,49.1,21.32,-20.46
"Flower, water",Nutrient solution,HSR,NSA 0.1,NSA_0.1_BP,2,BP,3,4,47.08,25.95,-23.07,43.23,28.23,-25.11,78.18,5.49,-4.91,61.8,14.11,-12.07,49.33,21.14,-20.29
"Flower, water",Nutrient solution,HSR,NSA 0.1,NSA_0.1_BP,2,BP,1,5,41.45,24.66,-22.16,46.54,25.09,-23.04,62.71,17.56,-14.58,73.18,10.26,-9.51,57.78,18.18,-18.31
"Flower, water",Nutrient solution,HSR,NSA 0.1,NSA_0.1_BP,2,BP,2,5,42.5,24.81,-22.39,46.77,24.9,-22.96,62.86,17.46,-14.39,73.18,10.18,-9.55,57.57,18.06,-18.36
"Flower, water",Nutrient solution,HSR,NSA 0.1,NSA_0.1_BP,2,BP,3,5,41.99,25.29,-22.85,46.79,24.78,-23.03,62.98,17.3,-14.3,72.92,10.33,-9.61,57.6,18.08,-18.38
"Flower, water",Nutrient solution,HSR,NSA 0.1,NSA_0.1_BP,2,BP,1,6,44.98,25.21,-21.58,43.7,28.5,-24.75,59.33,18.21,-16.1,80.61,6.24,-4.21,53.92,20.58,-19.23
"Flower, water",Nutrient solution,HSR,NSA 0.1,NSA_0.1_BP,2,BP,2,6,48.38,24.11,-20.87,43.56,28.79,-24.98,58.76,18.68,-16.57,80.36,6.34,-4.26,54.28,20.63,-19.22
"Flower, water",Nutrient solution,HSR,NSA 0.1,NSA_0.1_BP,2,BP,3,6,48.6,23.93,-20.98,43.79,28.32,-24.69,58.5,19.23,-16.98,80.44,6.32,-4.23,54.44,20.6,-19.19
"Flower, water",Nutrient solution,HSR,NSA 0.1,NSA_0.1_BP,2,BP,1,7,43.93,18.64,-16.04,59.26,17.48,-17.14,71.89,9.49,-8.79,46.6,25.27,-22.35,72.59,10.38,-5.85
"Flower, water",Nutrient solution,HSR,NSA 0.1,NSA_0.1_BP,2,BP,2,7,43.95,18.39,-16.18,63.46,12.98,-12.64,69.13,10.85,-10.15,46.58,25.18,-22.22,67.16,14.06,-9.95
"Flower, water",Nutrient solution,HSR,NSA 0.1,NSA_0.1_BP,2,BP,3,7,44.32,18.56,-16.37,67.05,10.71,-10.39,69.44,10.75,-10.16,46.49,25.17,-22.38,67.2,13.99,-9.87
"Flower, water",Nutrient solution,HSR,NSA 0.1,NSA_0.1_BP,2,BP,1,8,44.81,27.42,-24.77,41.75,24.27,-22.24,40.49,25.83,-23.04,79.27,6.63,-2.34,80.74,2.44,12.08
"Flower, water",Nutrient solution,HSR,NSA 0.1,NSA_0.1_BP,2,BP,2,8,45.54,27.41,-24.84,40.1,25.46,-23.2,39.76,26.13,-23.18,72.96,9.46,-5.47,80.73,2.48,12.05
"Flower, water",Nutrient solution,HSR,NSA 0.1,NSA_0.1_BP,2,BP,3,8,45.67,27.52,-24.81,40.51,25.57,-23.37,40.13,26.1,-23.38,72.23,10.16,-6.08,80.78,2.51,12.07
"Flower, water",Nutrient solution,HSR,NSA 0.1,NSA_0.1_BP,2,BP,1,9,39.44,31.65,-27.64,53.4,16.06,-15.81,71.47,10.17,-9.47,53.25,22.15,-21.45,86.57,0.84,6.95
"Flower, water",Nutrient solution,HSR,NSA 0.1,NSA_0.1_BP,2,BP,2,9,40.89,31.14,-27.75,48.7,18.15,-17.45,49.01,11.19,-8.78,52.78,22.45,-21.78,86.57,0.79,7.05
"Flower, water",Nutrient solution,HSR,NSA 0.1,NSA_0.1_BP,2,BP,3,9,41.29,31.05,-27.76,48.04,18.52,-17.59,41.05,30.98,-27.29,52.08,22.55,-21.9,86.57,0.74,7.1
"Flower, water",Nutrient solution,HSR,NSA 0.1,NSA_0.1_BP,2,BP,1,10,40.63,21.81,-20.16,45.94,27.11,-25.94,62.46,16.03,-15.04,48.62,25.58,-22.2,56.27,20.34,-20.41
"Flower, water",Nutrient solution,HSR,NSA 0.1,NSA_0.1_BP,2,BP,2,10,42.09,29.3,-26.04,46.05,26.82,-25.64,61.9,16.34,-15.6,48.58,24.28,-21.4,56.33,20.44,-20.36
"Flower, water",Nutrient solution,HSR,NSA 0.1,NSA_0.1_BP,2,BP,3,10,41.97,30.25,-27.69,45.98,26.82,-25.63,62.03,16.18,-15.5,48.62,23.97,-21,56.35,20.38,-20.32
"Flower, water",Nutrient solution,HSR,NSA 0.1,NSA_0.1_BP,2,BP,1,11,68.59,13.4,-13.06,70.3,9.78,-10.16,69.1,12.27,-11.59,47.72,24.78,-21.63,82.98,4.47,-2.6
"Flower, water",Nutrient solution,HSR,NSA 0.1,NSA_0.1_BP,2,BP,2,11,67.93,13.77,-13.51,70.81,9.47,-9.86,64.62,15.1,-14.2,47.81,24.8,-21.58,83.06,4.4,-2.52
"Flower, water",Nutrient solution,HSR,NSA 0.1,NSA_0.1_BP,2,BP,3,11,67.7,13.96,-13.64,70.45,9.43,-9.83,65,14.98,-14.07,47.63,24.75,-21.66,83.14,4.39,-2.45
"Flower, water",Nutrient solution,HSR,NSA 0.1,NSA_0.1_BP,2,BP,1,12,42.11,21.62,-19,64.02,14.69,-13.85,42.38,33.95,-28.54,85.37,2.67,-0.48,55.88,17.22,-17.2
"Flower, water",Nutrient solution,HSR,NSA 0.1,NSA_0.1_BP,2,BP,2,12,43.43,20.07,-18.03,64.31,14.68,-13.77,43.57,33.19,-27.73,85.91,2.63,-0.41,56.03,17.07,-17.02
"Flower, water",Nutrient solution,HSR,NSA 0.1,NSA_0.1_BP,2,BP,3,12,44.13,20.2,-18.24,64.5,15.05,-13.87,43.7,33.03,-27.72,85.99,2.66,-0.36,56.06,17.02,-17.01
"Flower, water",Nutrient solution,HSR,NSA 0.3,NSA_0.3_BP,3,BP,1,1,56.64,10.64,-8.48,62.93,10.94,-9.79,49.32,27.99,-24.9,58.49,19.67,-18.65,58.21,17.09,-15.01
"Flower, water",Nutrient solution,HSR,NSA 0.3,NSA_0.3_BP,3,BP,2,1,55.23,11.5,-9.15,62.18,11.69,-10.55,50.82,26.52,-23.99,58.05,19.39,-18.39,57.68,17.35,-15.39
"Flower, water",Nutrient solution,HSR,NSA 0.3,NSA_0.3_BP,3,BP,3,1,53.63,12.14,-9.53,62.66,11.93,-10.78,51.15,25.8,-23.42,57.88,19.54,-18.39,57.37,17.85,-15.86
"Flower, water",Nutrient solution,HSR,NSA 0.3,NSA_0.3_BP,3,BP,1,2,56.07,10.52,-7.25,69.37,7.43,-6.57,60.91,14.86,-12.37,56.07,16.94,-13.79,76.37,5.59,3.98
"Flower, water",Nutrient solution,HSR,NSA 0.3,NSA_0.3_BP,3,BP,2,2,62.43,9.74,-8.4,70.34,9.12,-8.08,60.88,11.12,-8.78,54.87,17.67,-14.53,76.28,5.71,4.03
"Flower, water",Nutrient solution,HSR,NSA 0.3,NSA_0.3_BP,3,BP,3,2,63.1,9.59,-8.23,71,9.1,-8.05,65.34,8.65,-6.42,55.19,17.94,-14.73,76.32,5.62,4.03
"Flower, water",Nutrient solution,HSR,NSA 0.3,NSA_0.3_BP,3,BP,1,3,71.5,6.53,-4.99,80.07,2.99,-2.82,64.78,5.97,-1.42,61.82,15.42,-14.3,61.63,11.74,-7.36
"Flower, water",Nutrient solution,HSR,NSA 0.3,NSA_0.3_BP,3,BP,2,3,77.25,4.52,-3.61,82.01,2.86,-2.72,60.09,7.12,-4.87,62.38,14.89,-13.93,61.24,11.98,-7.64
"Flower, water",Nutrient solution,HSR,NSA 0.3,NSA_0.3_BP,3,BP,3,3,79.62,3.37,-2.59,82.23,3.01,-2.85,60.18,6.99,-4.36,62.9,14.56,-13.6,61.17,11.9,-7.67
"Flower, water",Nutrient solution,HSR,NSA 0.3,NSA_0.3_BP,3,BP,1,4,62.42,3.67,-2.74,44.68,26.82,-24.28,65.6,16.25,-14.98,56.07,17.27,-15.73,50.47,21.47,-20.51
"Flower, water",Nutrient solution,HSR,NSA 0.3,NSA_0.3_BP,3,BP,2,4,63.38,4.07,-2.53,44.53,26.46,-23.9,63.9,17.13,-15.83,56.44,16.95,-15.55,50.58,21.47,-20.32
"Flower, water",Nutrient solution,HSR,NSA 0.3,NSA_0.3_BP,3,BP,3,4,64.74,4.29,-2.44,44.94,26.31,-23.69,63.73,17.15,-15.9,56.59,16.89,-15.54,50.53,21.44,-20.31
"Flower, water",Nutrient solution,HSR,NSA 0.3,NSA_0.3_BP,3,BP,1,5,42.16,26.66,-21.7,49.29,24.86,-21.93,47.75,27.28,-23.07,52.33,20.92,-18.56,59.13,17.12,-15.86
"Flower, water",Nutrient solution,HSR,NSA 0.3,NSA_0.3_BP,3,BP,2,5,43.78,31.43,-26.03,49.25,24.29,-21.56,48.67,24.07,-20.68,50.17,21.82,-18.68,58.49,17.16,-15.94
"Flower, water",Nutrient solution,HSR,NSA 0.3,NSA_0.3_BP,3,BP,3,5,43.69,22.68,-27,49.22,24.25,-21.51,49.93,24.3,-20.9,49.93,21.52,-18.66,58.63,17.31,-15.94
"Flower, water",Nutrient solution,HSR,NSA 0.3,NSA_0.3_BP,3,BP,1,6,45.79,22.38,-19.22,39.49,34.83,-30.25,53.99,19.65,-17.66,70.63,9.91,-8.62,69.99,10.71,-10.12
"Flower, water",Nutrient solution,HSR,NSA 0.3,NSA_0.3_BP,3,BP,2,6,44.88,22.81,-19.51,38.48,33.57,-29.13,53.33,19.77,-17.84,58.8,11.17,-10,71.08,10.7,-10.1
"Flower, water",Nutrient solution,HSR,NSA 0.3,NSA_0.3_BP,3,BP,3,6,44.45,23.03,-19.58,38.11,33.14,-28.9,53.11,19.77,-17.96,58.79,11.47,-10.22,71.47,10.73,-10.09
"Flower, water",Nutrient solution,HSR,NSA 0.3,NSA_0.3_BP,3,BP,1,7,48.44,27.75,-26.22,43.85,27.95,-26.11,47.59,30.44,-29.41,54.77,19.8,-19.59,54.44,21.06,-20.57
"Flower, water",Nutrient solution,HSR,NSA 0.3,NSA_0.3_BP,3,BP,2,7,48.43,27.72,-26.31,43.26,28.51,-26.68,47.67,30.32,-29.35,61.36,16.69,-15.05,54.1,21.11,-20.58
"Flower, water",Nutrient solution,HSR,NSA 0.3,NSA_0.3_BP,3,BP,3,7,48.76,27.55,-26.08,43.61,28.62,-26.81,47.82,30.39,-29.33,55.98,20.15,-18.45,54.01,21.16,-20.56
"Flower, water",Nutrient solution,HSR,NSA 0.3,NSA_0.3_BP,3,BP,1,8,53.03,21.63,-19.51,47.46,26.77,-23.91,54.73,22.15,-20.16,67.93,12.97,-10.48,49.3,20.82,-19.29
"Flower, water",Nutrient solution,HSR,NSA 0.3,NSA_0.3_BP,3,BP,2,8,50.04,23.79,-21,47.34,27.5,-24.49,55.57,21.99,-20.06,67.55,12.86,-10.59,49.62,20.98,-19.31
"Flower, water",Nutrient solution,HSR,NSA 0.3,NSA_0.3_BP,3,BP,3,8,50.54,23.81,-21.13,47.16,27.88,-24.76,55.83,21.91,-20,67.69,12.9,-10.6,49.91,21.02,-19.34
"Flower, water",Nutrient solution,HSR,NSA 0.3,NSA_0.3_BP,3,BP,1,9,66.29,16.8,-16.65,77.74,5.81,-5.84,74.67,1.38,0.11,91.27,-0.51,5.71,65.84,12.45,-10.81
"Flower, water",Nutrient solution,HSR,NSA 0.3,NSA_0.3_BP,3,BP,2,9,66.78,16.6,-16.4,74.15,5.53,-5.35,77.28,2.37,-1.6,90.85,-0.42,5.36,65.92,12.43,-10.7
"Flower, water",Nutrient solution,HSR,NSA 0.3,NSA_0.3_BP,3,BP,3,9,67.07,16.44,-16.27,74.75,5.19,-5.13,77.33,2.3,-1.5,91.07,-0.49,5.35,66.04,12.33,-10.73
"Flower, water",Nutrient solution,HSR,NSA 0.3,NSA_0.3_BP,3,BP,1,10,70.88,6.63,-5.69,71.13,11.39,-10.92,68.88,16.17,-14.58,90.87,-0.6,4.41,61.71,-1.33,5.66
"Flower, water",Nutrient solution,HSR,NSA 0.3,NSA_0.3_BP,3,BP,2,10,70.2,6.82,-5.99,68.64,12.68,-12.25,70.64,13.36,-12.31,90.74,-0.59,4.44,91.89,-1.42,5.72
"Flower, water",Nutrient solution,HSR,NSA 0.3,NSA_0.3_BP,3,BP,3,10,70.04,6.85,-6.03,70.4,12,-11.43,70.86,13.21,-12.17,90.8,-0.58,4.44,92.16,-1.43,5.82
"Flower, water",Nutrient solution,HSR,NSA 0.3,NSA_0.3_BP,3,BP,1,11,68.12,2.16,0.18,81.79,-0.43,2.56,68.46,11.6,-11.37,93,-1,6.03,71.31,8.51,-1.74
"Flower, water",Nutrient solution,HSR,NSA 0.3,NSA_0.3_BP,3,BP,2,11,63.12,2.81,0.13,80.46,-0.19,1.99,62.1,12.6,-12.68,92.64,-0.93,5.87,71.3,8.49,-1.8
"Flower, water",Nutrient solution,HSR,NSA 0.3,NSA_0.3_BP,3,BP,3,11,64.22,2.68,-0.12,81.07,-0.16,1.91,62.21,12.64,-12.79,92.63,-0.97,5.95,71.2,8.61,-1.89
"Flower, water",Nutrient solution,HSR,NSA 0.3,NSA_0.3_BP,3,BP,1,12,55.01,21.23,-22.12,53.06,21.01,-21.57,56.25,19.33,-21.47,59.75,18.47,-18.79,55.58,17.57,-19.12
"Flower, water",Nutrient solution,HSR,NSA 0.3,NSA_0.3_BP,3,BP,2,12,54.56,21.25,-22.14,55.44,19.47,-20.09,55.62,19.03,-20.95,59.52,18.56,-18.85,56.1,17.49,-19.07
"Flower, water",Nutrient solution,HSR,NSA 0.3,NSA_0.3_BP,3,BP,3,12,54.76,21.14,-22.06,57.41,18.42,-19.21,56.78,18.9,-20.8,59.59,18.55,-18.79,56.2,17.49,-18.94
"Flower, water",Nutrient solution,HSR,NSA 0.5,NSA_0.5_BP,4,BP,1,1,40.98,30.63,-27.46,66.92,17.93,-17.01,47.51,3.36,0.5,51.86,23.3,-22.86,43.35,20.88,-17.18
"Flower, water",Nutrient solution,HSR,NSA 0.5,NSA_0.5_BP,4,BP,2,1,40.18,31.43,-28.04,70.92,12.65,-12.24,62.33,2.93,-0.49,58.83,23.45,-22.94,43.22,21.43,-18
"Flower, water",Nutrient solution,HSR,NSA 0.5,NSA_0.5_BP,4,BP,3,1,47.24,30.88,-27.19,70.53,13.29,-12.71,65.63,2.51,-0.53,58.82,23.33,-22.92,44.47,20.99,-17.47
"Flower, water",Nutrient solution,HSR,NSA 0.5,NSA_0.5_BP,4,BP,1,2,45.72,30.38,-27.66,71.83,6.07,-5.41,67.46,15.71,-14.57,52.25,23.61,-21.75,51.31,21.61,-19.54
"Flower, water",Nutrient solution,HSR,NSA 0.5,NSA_0.5_BP,4,BP,2,2,46.57,31.49,-28.2,71.44,5.91,-5.22,64.07,19.26,-18.29,51.59,22.86,-21.89,51.62,21.41,-19.51
"Flower, water",Nutrient solution,HSR,NSA 0.5,NSA_0.5_BP,4,BP,3,2,46.45,26.15,-23.57,73.02,5.61,-4.87,59.16,24.15,-22.7,51.42,22.81,-21.84,51.69,21.46,-19.5
"Flower, water",Nutrient solution,HSR,NSA 0.5,NSA_0.5_BP,4,BP,1,3,42.38,33.08,-28.45,64.64,11.82,-11.77,47.67,23.52,-21.66,80.49,0.67,10.48,53.4,17.14,-13.35
"Flower, water",Nutrient solution,HSR,NSA 0.5,NSA_0.5_BP,4,BP,2,3,41.41,33.31,-28.39,55.22,6.53,-5.27,48.04,23.5,-21.65,80.61,0.77,10.08,53.35,17.16,-13.37
"Flower, water",Nutrient solution,HSR,NSA 0.5,NSA_0.5_BP,4,BP,3,3,41.31,33,-28.08,63.55,5.18,-4.58,48.35,23.34,-21.48,80.94,0.96,9.97,53.27,17.27,-13.4
"Flower, water",Nutrient solution,HSR,NSA 0.5,NSA_0.5_BP,4,BP,1,4,59.12,17.42,-14.35,46.52,19.9,-16.29,42.74,30.59,-23.52,46.89,23.82,-21.87,53.03,20.71,-17.32
"Flower, water",Nutrient solution,HSR,NSA 0.5,NSA_0.5_BP,4,BP,2,4,54.96,19.62,-16.1,50.09,15.22,-12.55,42.26,30.71,-23.67,47.82,23.64,-20.88,53.48,20.74,-17.33
"Flower, water",Nutrient solution,HSR,NSA 0.5,NSA_0.5_BP,4,BP,3,4,55.4,19.3,16,56.99,14.42,-12.17,42.08,30.52,-23.74,47.3,23.57,-20.95,53.72,20.86,-17.27
"Flower, water",Nutrient solution,HSR,NSA 0.5,NSA_0.5_BP,4,BP,1,5,50.31,25.35,-24.93,51.75,24.52,-24.13,55.39,20.73,-21.34,79.04,6.67,-4.46,52.96,18.84,-16.85
"Flower, water",Nutrient solution,HSR,NSA 0.5,NSA_0.5_BP,4,BP,2,5,47.94,27.82,-26.95,52.64,24.55,-24.11,55.41,20.83,-21.47,78.64,7.15,-4.81,52.87,18.85,-16.88
"Flower, water",Nutrient solution,HSR,NSA 0.5,NSA_0.5_BP,4,BP,3,5,47.09,29.19,-27.81,52.58,24.39,-24.19,55.65,20.96,-21.57,76.96,7.42,-5.18,52.96,19.07,-16.86
"Flower, water",Nutrient solution,HSR,NSA 0.5,NSA_0.5_BP,4,BP,1,6,47.1,22.59,-21.48,65.22,10.04,-10.15,80.63,6.72,-6.01,68.15,14.94,-13.8,46.75,22.38,-20.97
"Flower, water",Nutrient solution,HSR,NSA 0.5,NSA_0.5_BP,4,BP,2,6,51.76,20.62,-19.73,62.57,14.97,-15.2,82.76,4.29,-3.43,68.29,314.95,-13.68,46.52,22.39,-20.88
"Flower, water",Nutrient solution,HSR,NSA 0.5,NSA_0.5_BP,4,BP,3,6,66.93,11.6,-12.19,63.07,16.23,-16.57,84.03,4.04,-3,68.27,14.85,-13.64,46.74,22.63,-20.91
"Flower, water",Nutrient solution,HSR,NSA 0.5,NSA_0.5_BP,4,BP,1,7,55.25,18.36,-17.23,85.06,0.56,-0.55,51.81,15,-14.2,82.84,6.24,-4.41,61.01,12.39,-8.17
"Flower, water",Nutrient solution,HSR,NSA 0.5,NSA_0.5_BP,4,BP,2,7,48.58,24.29,-22.43,84.83,0.57,-0.5,53.19,11.94,-10.63,78.1,8.71,-7.49,59.16,12.94,-8.77
"Flower, water",Nutrient solution,HSR,NSA 0.5,NSA_0.5_BP,4,BP,3,7,48.28,24.47,-22.64,84.66,0.53,-0.46,61.78,12.11,-11.25,77.57,9.08,-7.91,46.07,17.46,-13.67
"Flower, water",Nutrient solution,HSR,NSA 0.5,NSA_0.5_BP,4,BP,1,8,71.51,11.1,-11.63,71.88,10.98,-10.29,79.62,4.11,-2.21,83.6,3.2,0.1,49.33,23.47,-22.86
"Flower, water",Nutrient solution,HSR,NSA 0.5,NSA_0.5_BP,4,BP,2,8,70.63,11.57,-12.07,54.38,19.05,-17.9,78.67,2.67,-0.57,83.13,3.32,-0.03,47.58,21.27,-19.63
"Flower, water",Nutrient solution,HSR,NSA 0.5,NSA_0.5_BP,4,BP,3,8,70.65,11.93,-12.25,69.71,11.83,-11.69,80.8,2.23,-0.04,84.23,3.12,0.34,47.46,21.32,-19.71
"Flower, water",Nutrient solution,HSR,NSA 0.5,NSA_0.5_BP,4,BP,1,9,82.5,3.43,-3.4,71.02,10.21,-9.87,62.6,13.9,-12.5,46.49,24.81,-22,69.7,13.19,-9.95
"Flower, water",Nutrient solution,HSR,NSA 0.5,NSA_0.5_BP,4,BP,2,9,68.95,13.69,-13.82,68.31,10.73,-10.2,65.53,11.19,-9.97,46.45,24.82,-22.01,69.84,13.17,-9.92
"Flower, water",Nutrient solution,HSR,NSA 0.5,NSA_0.5_BP,4,BP,3,9,67.78,14.81,-14.94,68.12,10.8,-10.21,64.88,12.07,-10.97,46.42,24.78,-22.18,69.93,13.36,-9.88
"Flower, water",Nutrient solution,HSR,NSA 0.5,NSA_0.5_BP,4,BP,1,10,60.92,21.05,-20.51,74.42,8.13,-8.59,86.16,0.69,0.65,53.91,22.23,-20.07,57.36,19.65,-19.9
"Flower, water",Nutrient solution,HSR,NSA 0.5,NSA_0.5_BP,4,BP,2,10,60.65,21.43,-20.86,76.69,7.08,-7.49,87.18,0.53,0.83,52.21,22.52,-20.07,57.45,19.59,-19.86
"Flower, water",Nutrient solution,HSR,NSA 0.5,NSA_0.5_BP,4,BP,3,10,60.64,21.43,-20.85,76.84,7.09,-7.48,88.23,0.37,0.96,47.67,24.72,-21.56,57.58,19.66,-19.77
"Flower, water",Nutrient solution,HSR,NSA 0.5,NSA_0.5_BP,4,BP,1,11,55.8,18.72,-18.3,50.19,26.59,-25.52,50.63,23.92,-21.52,83.61,3.85,1.14,51.18,21.57,-20.09
"Flower, water",Nutrient solution,HSR,NSA 0.5,NSA_0.5_BP,4,BP,2,11,52.92,21.51,-20.85,50.03,24.86,-24.13,50.12,24.95,-22.4,60.1,16.09,-11.91,51.36,21.73,-20.09
"Flower, water",Nutrient solution,HSR,NSA 0.5,NSA_0.5_BP,4,BP,3,11,52.61,22.43,-21.53,51.56,24.8,-23.99,50.47,26.05,-23.39,55.79,18.43,-14.05,51.21,21.67,-20.23
"Flower, water",Nutrient solution,HSR,NSA 0.5,NSA_0.5_BP,4,BP,1,12,59.76,19.49,-18.56,54.82,17.3,-16.3,49.66,24.94,-22.66,69.91,13.9,-13.25,46.47,21.46,-20.72
"Flower, water",Nutrient solution,HSR,NSA 0.5,NSA_0.5_BP,4,BP,2,12,57,22.47,-21.4,56.56,17.09,-16.51,48.57,25.49,-22.73,68.07,14.54,-13.85,46.19,21.61,-20.91
"Flower, water",Nutrient solution,HSR,NSA 0.5,NSA_0.5_BP,4,BP,3,12,54.45,24.13,-22.55,57.44,17.2,-16.49,47.83,25.6,-22.71,67.38,14.79,-14.09,46.64,21.7,-21.12
"Flower, water",Nutrient solution,HSR,NSA 0.0,NSA_0.0_KW,1,KW,1,1,86.67,-2.21,4.31,89.81,-1,4.44,88.92,-0.5,2.13,88.37,-0.67,2.97,86.95,-1.49,13.65
"Flower, water",Nutrient solution,HSR,NSA 0.0,NSA_0.0_KW,1,KW,2,1,84.82,-2.29,4.55,89.76,-1.05,4.45,89.01,-0.5,2.11,88.34,-0.78,3.14,86.64,-1.44,13.71
"Flower, water",Nutrient solution,HSR,NSA 0.0,NSA_0.0_KW,1,KW,3,1,83.35,-2.28,5,89.63,-1.06,4.44,88.61,-0.54,2.04,89.3,-0.75,3.39,86.54,-1.25,13.99
"Flower, water",Nutrient solution,HSR,NSA 0.0,NSA_0.0_KW,1,KW,1,2,86.05,-3.1,6.15,93.02,-1.05,4.99,90.98,-1.24,4.28,91.59,-0.87,3.11,86.04,-1.49,6.49
"Flower, water",Nutrient solution,HSR,NSA 0.0,NSA_0.0_KW,1,KW,2,2,88.03,-3.24,6.29,91.88,-0.94,4.47,91.28,-1.27,4.37,91.62,-0.99,3.11,86.95,-1.67,5.97
"Flower, water",Nutrient solution,HSR,NSA 0.0,NSA_0.0_KW,1,KW,3,2,88.03,-3.3,6.38,92.21,-1.02,4.58,92.06,-1.32,4.59,91.77,-1,3.12,89.4,-1.94,6.37
"Flower, water",Nutrient solution,HSR,NSA 0.0,NSA_0.0_KW,1,KW,1,3,84.06,-2.16,3.57,88.77,-1.05,5.31,88.91,-0.68,3.12,77.05,0.05,2.23,88.26,-1.69,9.96
"Flower, water",Nutrient solution,HSR,NSA 0.0,NSA_0.0_KW,1,KW,2,3,83.96,-2.64,5.44,88.08,-1.03,4.82,88.24,-0.8,3.71,80.53,-0.21,1.83,88.7,-1.75,9.92
"Flower, water",Nutrient solution,HSR,NSA 0.0,NSA_0.0_KW,1,KW,3,3,82.48,-2.61,5.7,89.63,-1.27,5.71,87.05,-0.83,4.05,81.11,-0.22,2.05,87.97,-1.68,9.89
"Flower, water",Nutrient solution,HSR,NSA 0.0,NSA_0.0_KW,1,KW,1,4,81.86,-1.49,2.48,89.39,-0.83,5.8,87.1,-0.97,4.2,68.52,-0.37,12.88,80.22,-1.67,7.81
"Flower, water",Nutrient solution,HSR,NSA 0.0,NSA_0.0_KW,1,KW,2,4,85.41,-1.87,3.04,87.64,-0.77,5.58,85.46,-0.72,9.92,71.16,-0.35,12.9,80.14,-1.67,7.42
"Flower, water",Nutrient solution,HSR,NSA 0.0,NSA_0.0_KW,1,KW,3,4,85.72,-1.92,3.1,87.69,-0.69,5.56,86.21,-0.86,9.85,70.95,-0.48,13.14,83.02,-1.34,6.26
"Flower, water",Nutrient solution,HSR,NSA 0.0,NSA_0.0_KW,1,KW,1,5,84.02,-2.2,4.24,81.85,-0.13,2.21,85.94,-0.83,10.34,90.94,-0.82,4.35,83.14,-1.59,13.79
"Flower, water",Nutrient solution,HSR,NSA 0.0,NSA_0.0_KW,1,KW,2,5,82.86,-1.9,4.01,83.59,-0.18,2.33,89.38,-0.75,3.16,91.42,-0.81,4.35,83.07,-1.58,13.77
"Flower, water",Nutrient solution,HSR,NSA 0.0,NSA_0.0_KW,1,KW,3,5,82.95,-1.88,4.04,84.23,-0.37,2.58,89.61,-0.83,3.22,91.49,-0.83,4.37,82.85,-1.51,14.08
"Flower, water",Nutrient solution,HSR,NSA 0.0,NSA_0.0_KW,1,KW,1,6,83.11,-1.93,3.86,91.52,-1.28,6.42,89.69,-0.81,3.2,89.42,-1.4,5.77,83.22,-1.69,9.24
"Flower, water",Nutrient solution,HSR,NSA 0.0,NSA_0.0_KW,1,KW,2,6,83.09,-1.79,3.75,90.62,-1.28,6.28,91.99,-1.49,7.66,89.79,-1.37,5.73,82.87,-2.01,9.84
"Flower, water",Nutrient solution,HSR,NSA 0.0,NSA_0.0_KW,1,KW,3,6,83.81,-2.03,3.87,90.49,-1.45,6.31,90.44,-1.24,6.06,89.99,-1.41,5.77,82.78,-1.58,9.94
"Flower, water",Nutrient solution,HSR,NSA 0.0,NSA_0.0_KW,1,KW,1,7,82.12,-2.04,3.89,91.84,-0.4,4.35,90.99,-1.35,6.51,91.19,-1.17,5.69,88.92,-0.86,8.87
"Flower, water",Nutrient solution,HSR,NSA 0.0,NSA_0.0_KW,1,KW,2,7,82.19,-2,3.88,92.3,-0.42,4.6,89.4,-1.64,9.4,91.19,-1.11,5.67,87.44,-0.84,8.53
"Flower, water",Nutrient solution,HSR,NSA 0.0,NSA_0.0_KW,1,KW,3,7,82.07,-2.08,3.79,92.26,-0.43,4.67,89.51,-2.16,10.63,91.26,-1.08,5.7,88.47,-0.82,8.86
"Flower, water",Nutrient solution,HSR,NSA 0.0,NSA_0.0_KW,1,KW,1,8,81.18,-2.77,5.93,89.36,-2.07,7.75,86.73,-2.26,10.09,90.67,-0.91,3.58,88.88,-2,6.62
"Flower, water",Nutrient solution,HSR,NSA 0.0,NSA_0.0_KW,1,KW,2,8,79.68,-3.09,6.81,90.69,-2.13,7.91,90.83,-2.55,11.64,90.81,-1.02,3.62,89,-2.06,6.8
"Flower, water",Nutrient solution,HSR,NSA 0.0,NSA_0.0_KW,1,KW,3,8,80.37,-3.37,7.66,90.31,-2.13,7.78,87.7,-2.6,9.42,90.37,-0.92,3.54,89.05,-2.18,6.99
"Flower, water",Nutrient solution,HSR,NSA 0.0,NSA_0.0_KW,1,KW,1,9,67.57,-0.04,3.13,88.81,-0.36,2.73,87.6,-2.65,9.31,89.76,-1.42,4.5,90.06,-1.61,10.73
"Flower, water",Nutrient solution,HSR,NSA 0.0,NSA_0.0_KW,1,KW,2,9,69.72,-0.38,3.36,88.33,-0.26,2.57,87.78,-2.61,9.33,89.24,-1.3,4.24,88.3,-1.76,11.25
"Flower, water",Nutrient solution,HSR,NSA 0.0,NSA_0.0_KW,1,KW,3,9,70.3,-0.46,3.35,87.72,-0.26,2.47,83.07,-0.25,1.87,89.32,-1.22,4.23,86.18,-1.57,10.24
"Flower, water",Nutrient solution,HSR,NSA 0.0,NSA_0.0_KW,1,KW,1,10,65.16,0.52,1.57,89.42,-0.59,3.21,78.67,-0.24,2.68,91.04,-1.79,7.3,87.2,-1.16,12.73
"Flower, water",Nutrient solution,HSR,NSA 0.0,NSA_0.0_KW,1,KW,2,10,66.97,0.24,1.59,89.22,-0.48,3.13,90.99,-0.78,2.99,91.76,-1.82,7.41,86.24,-1.06,12.75
"Flower, water",Nutrient solution,HSR,NSA 0.0,NSA_0.0_KW,1,KW,3,10,66.25,0.37,1.57,89.15,-0.6,3.09,90.56,-1.25,4.79,91.89,-1.79,7.46,85.83,-1.11,12.77
"Flower, water",Nutrient solution,HSR,NSA 0.0,NSA_0.0_KW,1,KW,1,11,63.67,-1.86,6.6,87.15,-1.94,5.62,91.2,-1.35,5.13,92.07,-1.75,5.58,88.3,-3.88,13.13
"Flower, water",Nutrient solution,HSR,NSA 0.0,NSA_0.0_KW,1,KW,2,11,70.15,-2.79,6.84,86.95,-1.83,5.32,91.48,-1.26,5.22,91.31,-1.9,5.41,89.38,-3.83,13.23
"Flower, water",Nutrient solution,HSR,NSA 0.0,NSA_0.0_KW,1,KW,3,11,70.91,-2.9,6.83,83.58,-1.77,5.39,82.65,-1.73,4.96,92.33,-2.06,6.1,89.52,-3.85,13.31
"Flower, water",Nutrient solution,HSR,NSA 0.0,NSA_0.0_KW,1,KW,1,12,52.48,0.93,4.18,89.82,-2.17,7.47,80.13,-1.39,4.42,87.14,-1.45,11.31,78.98,1.08,18
"Flower, water",Nutrient solution,HSR,NSA 0.0,NSA_0.0_KW,1,KW,2,12,55,0.38,3.09,89.99,-2.16,7.54,81.53,-1.51,4.64,87.56,-1.47,11.61,78.41,0.93,17.79
"Flower, water",Nutrient solution,HSR,NSA 0.0,NSA_0.0_KW,1,KW,3,12,56.35,0.25,4.09,90.18,-2.26,7.69,86.95,-2.63,11.82,87.5,-1.45,11.55,78.75,1.02,17.96
"Flower, water",Nutrient solution,HSR,NSA 0.1,NSA_0.1_KW,2,KW,1,1,84.13,-2.73,5.11,60.56,3.28,7.74,93.57,-1.4,4.91,90.48,-1.56,4.8,93.11,-1.81,6.73
"Flower, water",Nutrient solution,HSR,NSA 0.1,NSA_0.1_KW,2,KW,2,1,81.87,-2.55,4.64,64.32,0.19,4.31,93.09,-1.08,3.9,90.83,-1.53,4.92,93.25,-1.92,6.78
"Flower, water",Nutrient solution,HSR,NSA 0.1,NSA_0.1_KW,2,KW,3,1,81.51,-2.54,4.63,65.64,0.03,4.66,92.21,-1.62,6.61,90.79,-1.54,4.77,93.48,-1.8,6.96
"Flower, water",Nutrient solution,HSR,NSA 0.1,NSA_0.1_KW,2,KW,1,2,82.1,-1.51,2.68,84.28,-0.12,2.35,88.58,-0.37,2.23,92.42,-1.65,7.26,88.7,-1.68,10.97
"Flower, water",Nutrient solution,HSR,NSA 0.1,NSA_0.1_KW,2,KW,2,2,83.98,-1.71,2.87,83.69,-0.03,2.18,88.22,-0.29,2.34,92.71,-1.69,7.43,89.12,-1.71,10.47
"Flower, water",Nutrient solution,HSR,NSA 0.1,NSA_0.1_KW,2,KW,3,2,84.72,-1.9,3.02,85.83,-0.39,2.63,88.14,-0.38,2.47,92.66,-1.62,7.42,90.29,-1.75,10.79
"Flower, water",Nutrient solution,HSR,NSA 0.1,NSA_0.1_KW,2,KW,1,3,63.77,-0.19,2.81,85.08,-0.5,3.52,61.4,0.59,12.09,89.03,-1.94,6.06,87.79,-1.26,12.43
"Flower, water",Nutrient solution,HSR,NSA 0.1,NSA_0.1_KW,2,KW,2,3,63.14,-0.08,2.76,85.59,-0.62,3.5,67.16,-0.5,17.08,89.4,-2.03,6.22,88.25,-1.19,12.56
"Flower, water",Nutrient solution,HSR,NSA 0.1,NSA_0.1_KW,2,KW,3,3,62.85,0,2.76,86.1,-0.68,3.51,66.47,-0.59,19.46,89.53,-2.02,6.27,88.24,-1.19,12.64
"Flower, water",Nutrient solution,HSR,NSA 0.1,NSA_0.1_KW,2,KW,1,4,85.13,-3.64,7.73,92.29,-2.21,8.36,87.13,-1.62,4.62,90.19,-2.69,7.69,83.4,-2.41,10.47
"Flower, water",Nutrient solution,HSR,NSA 0.1,NSA_0.1_KW,2,KW,2,4,86.93,-3.82,7.81,92.19,-2.22,8.36,79.71,-0.78,3.08,89.88,-2.63,7.58,87.44,-2.91,11.31
"Flower, water",Nutrient solution,HSR,NSA 0.1,NSA_0.1_KW,2,KW,3,4,87.64,-3.85,7.83,92.04,-2.27,8.52,80.76,-1.04,3.29,89.86,-2.6,7.69,88.89,-3.15,11.6
"Flower, water",Nutrient solution,HSR,NSA 0.1,NSA_0.1_KW,2,KW,1,5,87.24,-2.78,5.36,81.41,0.24,1.96,80.79,-0.13,2.09,87.22,-1.32,5.85,88.34,-2.71,11.63
"Flower, water",Nutrient solution,HSR,NSA 0.1,NSA_0.1_KW,2,KW,2,5,88.44,-2.95,5.5,81.82,0.14,2.09,70.17,0.88,1.32,87.63,-1.37,5.89,87.54,-2.61,11.47
"Flower, water",Nutrient solution,HSR,NSA 0.1,NSA_0.1_KW,2,KW,3,5,88.96,-3.12,5.62,81.33,0.16,2.01,69.36,1.03,1.48,87.74,-1.39,5.88,87.54,-2.7,11.5
"Flower, water",Nutrient solution,HSR,NSA 0.1,NSA_0.1_KW,2,KW,1,6,88,-1.83,2.13,83.44,0.34,2.47,63.61,1.1,1.59,92.77,-1.38,7.08,86.23,-1.85,14.07
"Flower, water",Nutrient solution,HSR,NSA 0.1,NSA_0.1_KW,2,KW,2,6,88.28,-1.84,2.08,82.04,0.22,2.84,63.16,1.31,1.57,91.13,-1.31,5.68,80.19,-0.71,13.47
"Flower, water",Nutrient solution,HSR,NSA 0.1,NSA_0.1_KW,2,KW,3,6,89.82,-2.02,2.5,85.34,-0.05,2.81,62.64,1.49,1.48,88.66,-1.11,5.26,80.73,-0.74,13.39
"Flower, water",Nutrient solution,HSR,NSA 0.1,NSA_0.1_KW,2,KW,1,7,78.2,-0.55,2.51,86.47,0.31,9.77,87.25,-0.44,8.61,84.25,0.28,12.46,91.11,-2.25,8.9
"Flower, water",Nutrient solution,HSR,NSA 0.1,NSA_0.1_KW,2,KW,2,7,78.13,-0.37,2.44,85.46,0.3,10.89,87.36,-0.71,6.31,84.56,0.33,13.45,93.47,-2.33,10.82
"Flower, water",Nutrient solution,HSR,NSA 0.1,NSA_0.1_KW,2,KW,3,7,78.29,-0.42,2.49,85.05,0.24,11.48,86.91,-0.68,6.11,84.96,0.27,13.34,93.45,-2.29,10.77
"Flower, water",Nutrient solution,HSR,NSA 0.1,NSA_0.1_KW,2,KW,1,8,88.57,-1.98,2.37,86.36,0.22,1.85,89.74,-0.57,2.53,93.59,-1.28,5.75,89.19,-2.36,11.63
"Flower, water",Nutrient solution,HSR,NSA 0.1,NSA_0.1_KW,2,KW,2,8,88.72,-1.96,2.39,85.52,0.27,2,88.98,-0.53,2.4,93.63,-1.39,5.81,89.18,-2.39,11.62
"Flower, water",Nutrient solution,HSR,NSA 0.1,NSA_0.1_KW,2,KW,3,8,88.57,-2,2.19,86.49,0.22,2.13,89.32,-0.53,2.43,93.6,-1.43,5.86,89.77,-2.33,11.63
"Flower, water",Nutrient solution,HSR,NSA 0.1,NSA_0.1_KW,2,KW,1,9,81.29,-1.49,1.97,88.46,0.02,1.61,86.38,-1.86,8.64,89.78,-1.89,9.66,81.25,0.02,12.64
"Flower, water",Nutrient solution,HSR,NSA 0.1,NSA_0.1_KW,2,KW,2,9,82.03,-1.69,1.92,87.44,0.08,1.63,85.21,-1.87,8.92,89.49,-1.83,9.52,81.1,-0.03,12.6
"Flower, water",Nutrient solution,HSR,NSA 0.1,NSA_0.1_KW,2,KW,3,9,83.27,-1.63,1.81,87.5,0.03,1.73,85.38,-1.78,8.01,89.66,-1.85,9.45,80.89,-0.1,12.57
"Flower, water",Nutrient solution,HSR,NSA 0.1,NSA_0.1_KW,2,KW,1,10,89.04,-2.75,3.88,90.7,-0.52,3.88,86.86,-0.86,3.18,93.08,-1.45,5.86,92.87,-2.15,7.82
"Flower, water",Nutrient solution,HSR,NSA 0.1,NSA_0.1_KW,2,KW,2,10,90.44,-2.93,4.31,92.21,-0.6,4.38,86.86,-0.79,3.24,92.25,-1.38,5.29,92.05,-2.13,7.77
"Flower, water",Nutrient solution,HSR,NSA 0.1,NSA_0.1_KW,2,KW,3,10,91.09,-3.06,4.65,82.53,-0.66,4.55,87.47,-0.86,3.38,92.63,-1.42,5.53,92.82,-2.17,7.82
"Flower, water",Nutrient solution,HSR,NSA 0.1,NSA_0.1_KW,2,KW,1,11,89.95,-3.38,5.32,88.18,-1.65,13.38,81.65,0.71,16.67,90.86,-2.7,14.16,84.66,-1.32,24.09
"Flower, water",Nutrient solution,HSR,NSA 0.1,NSA_0.1_KW,2,KW,2,11,90,-3.36,5.37,87.96,-1.63,13.2,83.46,-0.13,14.36,90.72,-2.75,14.24,84.23,-1.28,24.36
"Flower, water",Nutrient solution,HSR,NSA 0.1,NSA_0.1_KW,2,KW,3,11,90.07,-3.36,5.39,87.88,-1.61,13.13,83.61,-0.43,12,90.79,-2.73,14.33,83.19,-0.89,24.89
"Flower, water",Nutrient solution,HSR,NSA 0.1,NSA_0.1_KW,2,KW,1,12,89.82,-2.53,3.64,91.23,-0.31,3.58,81.19,0.03,9.27,89.52,-0.48,6.33,74.48,1.75,9.5
"Flower, water",Nutrient solution,HSR,NSA 0.1,NSA_0.1_KW,2,KW,2,12,89.5,-2.54,3.73,91.51,-0.22,3.68,82.55,-0.22,9.16,89.48,-0.5,6.33,76.18,2.32,10.98
"Flower, water",Nutrient solution,HSR,NSA 0.1,NSA_0.1_KW,2,KW,3,12,89.72,-2.59,3.8,91.58,-0.38,3.9,81.77,-0.12,10.09,89.54,-0.36,6.39,76.33,2.44,11.11
"Flower, water",Nutrient solution,HSR,NSA 0.3,NSA_0.3_KW,3,KW,1,1,89.15,-3.68,8.14,90.14,-0.52,3.96,86.31,-1.66,4.94,93.39,-1.35,4.94,90.28,-1.4,3.93
"Flower, water",Nutrient solution,HSR,NSA 0.3,NSA_0.3_KW,3,KW,2,1,89.56,-3.85,8.38,90.2,-0.52,4.06,87.41,-1.52,4.37,92.32,-1.26,4.44,84.75,-1.07,3.5
"Flower, water",Nutrient solution,HSR,NSA 0.3,NSA_0.3_KW,3,KW,3,1,89.36,-3.93,8.62,90.09,-0.63,4.1,87.7,-1.44,4.15,93.05,-1.34,4.77,85.56,-1.22,4.2
"Flower, water",Nutrient solution,HSR,NSA 0.3,NSA_0.3_KW,3,KW,1,2,89.72,-2.75,6.09,89.34,0.16,1.7,88.01,-0.65,3.24,90.24,-0.88,4.23,85.63,-1.29,7.32
"Flower, water",Nutrient solution,HSR,NSA 0.3,NSA_0.3_KW,3,KW,2,2,90.28,-2.95,6.1,88.4,0.23,10.35,86.84,-0.61,3.08,90.54,-0.79,3.75,84.94,-1.39,7.65
"Flower, water",Nutrient solution,HSR,NSA 0.3,NSA_0.3_KW,3,KW,3,2,90.29,-2.83,6.04,88.26,0.17,1.28,86.52,-0.49,3.01,91.94,-1.06,4.28,85.02,-10.35,7.83
"Flower, water",Nutrient solution,HSR,NSA 0.3,NSA_0.3_KW,3,KW,1,3,82.44,-2.97,5.78,73.52,-1.69,14.96,80.73,-2.13,10.23,88.86,-1.21,5.89,82.13,-1.04,8.82
"Flower, water",Nutrient solution,HSR,NSA 0.3,NSA_0.3_KW,3,KW,2,3,83.3,-3.09,5.92,76.21,-1.51,12.68,81.98,-2.29,9.58,80.61,-0.79,4.51,82.76,-0.86,8.18
"Flower, water",Nutrient solution,HSR,NSA 0.3,NSA_0.3_KW,3,KW,3,3,83.63,-3.15,6.04,78.23,-0.95,9.35,82.05,-2.26,9.19,75.32,0.6,3.62,82.47,-0.74,8.04
"Flower, water",Nutrient solution,HSR,NSA 0.3,NSA_0.3_KW,3,KW,1,4,70.51,0.04,1.29,87.64,-0.17,3.01,54.05,1.68,5.33,91.87,-1.54,6.21,90.86,-1.88,6.88
"Flower, water",Nutrient solution,HSR,NSA 0.3,NSA_0.3_KW,3,KW,2,4,68.74,0.52,1.19,88.73,-0.15,3.18,53.9,1.82,3.65,91.98,-1.54,6.37,91.58,-1.98,7.5
"Flower, water",Nutrient solution,HSR,NSA 0.3,NSA_0.3_KW,3,KW,3,4,66.15,0.9,1.15,88.53,-0.26,3.26,55.13,1.98,3.32,91.92,-1.58,6.42,92.01,-1.98,7.65
"Flower, water",Nutrient solution,HSR,NSA 0.3,NSA_0.3_KW,3,KW,1,5,87.48,-3.38,5.64,91.52,-1.85,6.91,83.49,-2.01,6.32,89.67,-2.5,9.9,88.72,-3.34,11.69
"Flower, water",Nutrient solution,HSR,NSA 0.3,NSA_0.3_KW,3,KW,2,5,87.24,-3.46,5.61,92.06,-1.9,7.06,83.2,-1.96,6.27,87.72,-2.18,8.71,88.69,-3.27,10.9
"Flower, water",Nutrient solution,HSR,NSA 0.3,NSA_0.3_KW,3,KW,3,5,87.56,-3.43,5.69,92.31,-1.86,7.13,83.73,-1.97,6.24,86.92,-2.03,8.5,88.92,-3.33,10.9
"Flower, water",Nutrient solution,HSR,NSA 0.3,NSA_0.3_KW,3,KW,1,6,79.15,-2.06,5.09,87.05,0.16,2.04,76.05,0,1.82,92.17,-1.86,7.19,89.65,-2.13,7.33
"Flower, water",Nutrient solution,HSR,NSA 0.3,NSA_0.3_KW,3,KW,2,6,80.67,-2.23,5.05,87.01,0.25,2.07,85.84,-0.17,1.91,91.57,-1.74,6.43,90.1,-2.16,7.34
"Flower, water",Nutrient solution,HSR,NSA 0.3,NSA_0.3_KW,3,KW,3,6,80.5,-2.31,5.04,87.09,0.21,2.04,79.54,0.39,0.78,91.35,-1.74,6.32,90.25,-2.18,7.37
"Flower, water",Nutrient solution,HSR,NSA 0.3,NSA_0.3_KW,3,KW,1,7,55.09,1.79,1.07,91.07,-0.84,6.04,85.17,-0.74,5.05,90.14,-1.15,11.28,74.4,3.31,18.77
"Flower, water",Nutrient solution,HSR,NSA 0.3,NSA_0.3_KW,3,KW,2,7,55.4,1.74,1.2,91.02,-0.85,6.12,73.95,-0.18,5.43,89.91,-1.14,11.03,73.91,3.18,18.83
"Flower, water",Nutrient solution,HSR,NSA 0.3,NSA_0.3_KW,3,KW,3,7,55.43,1.86,1.23,91.14,-0.88,6.15,74.23,-0.19,5.45,89.86,-1.2,10.81,73.01,3.44,18.54
"Flower, water",Nutrient solution,HSR,NSA 0.3,NSA_0.3_KW,3,KW,1,8,77.15,-2.89,5.14,90.95,-2.12,7.76,87.03,-2.2,6.4,93.19,-2.28,8.04,82.91,-0.44,17.48
"Flower, water",Nutrient solution,HSR,NSA 0.3,NSA_0.3_KW,3,KW,2,8,83.53,-3.24,5.39,90.85,-2.11,7.82,87.4,-2.31,6.53,93.02,-2.28,7.99,81.4,-0.39,16.56
"Flower, water",Nutrient solution,HSR,NSA 0.3,NSA_0.3_KW,3,KW,3,8,85.64,-3.36,5.31,90.77,-2.08,7.94,86.9,-2.17,6.58,93.05,-2.38,8.06,80.89,-0.25,16.04
"Flower, water",Nutrient solution,HSR,NSA 0.3,NSA_0.3_KW,3,KW,1,9,72.35,-0.81,3.37,89.2,0.23,1.24,91.42,-0.96,3.71,93.95,-1.43,5.05,91.21,-1.56,5.19
"Flower, water",Nutrient solution,HSR,NSA 0.3,NSA_0.3_KW,3,KW,2,9,74.86,-1.25,3.36,89,0.36,1.14,90.96,-0.85,3.39,93.99,-1.47,5.02,90.3,-1.41,4.67
"Flower, water",Nutrient solution,HSR,NSA 0.3,NSA_0.3_KW,3,KW,3,9,75.28,-1.24,3.4,89.11,0.25,1.27,90.66,-0.93,3.36,93.93,-1.42,5.04,90.31,-1.35,4.34
"Flower, water",Nutrient solution,HSR,NSA 0.3,NSA_0.3_KW,3,KW,1,10,83.07,-3.77,7.3,89.05,-1.92,6.41,91.87,-2.66,7.67,93.16,-2.76,8.89,86.3,-3.3,11.44
"Flower, water",Nutrient solution,HSR,NSA 0.3,NSA_0.3_KW,3,KW,2,10,84.49,-4.09,8.02,89.59,-2.02,6.49,91.49,-2.53,7.34,92.73,-2.8,8.72,84.34,-3.1,10.66
"Flower, water",Nutrient solution,HSR,NSA 0.3,NSA_0.3_KW,3,KW,3,10,88.02,-4.37,9.34,90.18,-2.15,6.77,92.19,-2.64,7.84,93.4,-2.85,8.95,77.84,-2.17,8.26
"Flower, water",Nutrient solution,HSR,NSA 0.3,NSA_0.3_KW,3,KW,1,11,81.44,-5.1,13.55,90.86,-1.81,6.82,89,-2.51,6.85,91.8,-2.8,11.51,91.98,-3.31,11.31
"Flower, water",Nutrient solution,HSR,NSA 0.3,NSA_0.3_KW,3,KW,2,11,82.04,-5.15,13.37,91.01,-1.73,6.81,77.81,-1.77,5.08,91.33,-2.79,11.34,92.3,-3.35,11.64
"Flower, water",Nutrient solution,HSR,NSA 0.3,NSA_0.3_KW,3,KW,3,11,82.36,-5.28,13.41,91.06,-1.87,6.81,82.15,-2.04,5.35,91.1,-2.8,11.24,92.3,-3.33,11.67
"Flower, water",Nutrient solution,HSR,NSA 0.3,NSA_0.3_KW,3,KW,1,12,74.07,-1.42,4.01,68.61,-1.17,19.4,85.06,-0.91,7.38,90.36,-1.95,7.48,90.97,-2.31,10.35
"Flower, water",Nutrient solution,HSR,NSA 0.3,NSA_0.3_KW,3,KW,2,12,75.09,-1.52,4.39,67.32,-2.62,27.38,85.63,-0.91,7.38,90.55,-1.89,8.08,91.49,-2.25,9.4
"Flower, water",Nutrient solution,HSR,NSA 0.3,NSA_0.3_KW,3,KW,3,12,75.56,-1.57,5.18,63.59,-3.16,29.2,85.97,-0.81,7.25,90.8,-1.99,8.35,91.24,-2.69,9.65
"Flower, water",Nutrient solution,HSR,NSA 0.3,NSA_0.5_KW,4,KW,1,1,88.66,-3.49,6.04,87.82,-1.96,6.76,89.22,-2.65,11.27,90.45,-0.97,7.52,88.51,-2.73,13.89
"Flower, water",Nutrient solution,HSR,NSA 0.5,NSA_0.5_KW,4,KW,2,1,87.81,-3.61,6.4,88.11,-1.98,6.88,88.07,-2.62,22.23,88.94,-1.73,9.99,88.46,-2.68,13.84
"Flower, water",Nutrient solution,HSR,NSA 0.5,NSA_0.5_KW,4,KW,3,1,88.25,-3.55,6.25,87.04,-1.96,6.66,86.99,-2.44,10.78,88.87,-1.76,10.01,88.55,-2.56,13.98
"Flower, water",Nutrient solution,HSR,NSA 0.5,NSA_0.5_KW,4,KW,1,2,85.07,-2.52,4.82,83.03,-0.28,3.08,78.98,0.04,2.47,91.21,-1.48,5.63,87.01,-1.87,12.04
"Flower, water",Nutrient solution,HSR,NSA 0.5,NSA_0.5_KW,4,KW,2,2,85.23,-2.56,4.86,82.13,-0.39,3.04,78.29,-0.07,2.4,91.48,-1.81,6.36,87.14,-1.65,11.96
"Flower, water",Nutrient solution,HSR,NSA 0.5,NSA_0.5_KW,4,KW,3,2,85.59,-2.6,4.89,83.14,-0.32,3.09,77.88,-0.07,2.37,92.04,-2.06,7.55,86.83,-1.87,11.91
"Flower, water",Nutrient solution,HSR,NSA 0.5,NSA_0.5_KW,4,KW,1,3,85.52,-1.85,3,79.07,0.74,1.2,80.5,0.11,1.95,92.89,-1.15,4.86,91.65,-1.4,7.12
"Flower, water",Nutrient solution,HSR,NSA 0.5,NSA_0.5_KW,4,KW,2,3,85.56,-1.84,2.87,71.52,1.16,0.87,82.73,0.04,2.25,90.43,-0.85,3.93,91.51,-1.58,6.94
"Flower, water",Nutrient solution,HSR,NSA 0.5,NSA_0.5_KW,4,KW,3,3,85.63,-1.8,2.93,71.99,1.34,1.15,85.47,-0.23,2.67,91.5,-0.94,4.29,91.47,-1.5,6.88
"Flower, water",Nutrient solution,HSR,NSA 0.5,NSA_0.5_KW,4,KW,1,4,57.97,-0.56,4.85,87.86,-0.29,2.95,77.8,0.25,0.74,91.56,-1.53,6.91,90.2,-1.38,9.03
"Flower, water",Nutrient solution,HSR,NSA 0.5,NSA_0.5_KW,4,KW,2,4,61.66,-0.62,3.62,87.73,-0.41,3.12,73.41,1.06,-0.12,91.41,-1.57,6.87,89.99,-1.28,8.67
"Flower, water",Nutrient solution,HSR,NSA 0.5,NSA_0.5_KW,4,KW,3,4,63.13,-0.78,3.32,87.78,-0.44,3.3,78.09,0.6,0.2,91.71,-1.58,6.99,90.08,-1.37,8.64
"Flower, water",Nutrient solution,HSR,NSA 0.5,NSA_0.5_KW,4,KW,1,5,86.88,-1.79,2.44,87.12,-0.71,4.27,88.72,-1.27,4.22,91.42,-1.19,8.32,81.42,0.41,11.68
"Flower, water",Nutrient solution,HSR,NSA 0.5,NSA_0.5_KW,4,KW,2,5,89.73,-1.94,2.69,87.75,-0.68,4.41,86.84,-1.15,4.36,91.57,-1.29,8.33,78.62,0.54,11.23
"Flower, water",Nutrient solution,HSR,NSA 0.5,NSA_0.5_KW,4,KW,3,5,90.71,-1.95,2.84,87.97,-0.72,4.44,87.27,-1.13,4.23,91.8,-1.23,8.29,79.34,0.42,11.39
"Flower, water",Nutrient solution,HSR,NSA 0.5,NSA_0.5_KW,4,KW,1,6,79.71,-2.25,4.7,90.21,-1.27,4.3,87,-1.13,3.73,91.68,-2.18,7.37,86.68,-1.27,14.48
"Flower, water",Nutrient solution,HSR,NSA 0.5,NSA_0.5_KW,4,KW,2,6,85.93,-2.81,5.01,91.37,-1.47,4.9,87.14,-1.22,3.85,91.58,-2.26,7.51,85.47,-1.33,14.22
"Flower, water",Nutrient solution,HSR,NSA 0.5,NSA_0.5_KW,4,KW,3,6,86.76,-2.94,5.08,91.6,-1.58,5.04,87.66,-1.35,4.07,91.28,-2.29,7.5,85.91,-1.33,14.29
"Flower, water",Nutrient solution,HSR,NSA 0.5,NSA_0.5_KW,4,KW,1,7,81.05,-1.49,3.16,89.79,-1.25,8.21,83.24,-0.73,6.48,88.53,-1.91,10.12,91.73,-3.16,11.25
"Flower, water",Nutrient solution,HSR,NSA 0.5,NSA_0.5_KW,4,KW,2,7,84.5,-1.81,3.26,90.84,-1.24,8.14,82.17,-0.06,7.56,88.45,-1.85,10.19,91.33,-3.25,11.32
"Flower, water",Nutrient solution,HSR,NSA 0.5,NSA_0.5_KW,4,KW,3,7,87.4,-1.94,3.39,91.46,-1.24,8.09,83.05,-0.81,7.73,88.38,-1.81,10.18,91.18,-3.31,12.23
"Flower, water",Nutrient solution,HSR,NSA 0.5,NSA_0.5_KW,4,KW,1,8,73.63,-1.31,4.77,89.95,-0.9,4.99,91.21,-1.15,6.01,90.8,-1.55,7.29,90.69,-2.96,12.79
"Flower, water",Nutrient solution,HSR,NSA 0.5,NSA_0.5_KW,4,KW,2,8,83.81,-2.43,6.18,90.07,-0.79,4.93,91.08,-1.42,8.41,90.5,-1.58,6.98,90.66,-2.99,12.9
"Flower, water",Nutrient solution,HSR,NSA 0.5,NSA_0.5_KW,4,KW,3,8,85.83,-2.6,6.59,90.52,-0.83,5.11,90.73,-1.37,8.09,90.47,-1.52,6.94,90.71,-2.99,12.86
"Flower, water",Nutrient solution,HSR,NSA 0.5,NSA_0.5_KW,4,KW,1,9,86.45,-2.86,4.94,85.43,-0.53,3.3,88.81,-1.3,5.77,89.96,-1.12,6.34,87.15,-1.8,11.72
"Flower, water",Nutrient solution,HSR,NSA 0.5,NSA_0.5_KW,4,KW,2,9,87.54,-2.97,4.92,84.96,-0.51,3.35,89.18,-1.27,5.78,90.69,-1.17,6.36,85.8,-1.84,11.27
"Flower, water",Nutrient solution,HSR,NSA 0.5,NSA_0.5_KW,4,KW,3,9,87.86,-3.01,5.09,85.11,-0.58,3.48,89.42,-1.28,5.76,91.14,-1.2,6.42,84.06,-1.67,10.4
"Flower, water",Nutrient solution,HSR,NSA 0.5,NSA_0.5_KW,4,KW,1,10,87.22,-2.95,4.37,92.06,-1.63,6.2,87.74,-2.36,6.87,93.08,-1.7,6.89,84.15,-0.46,16.02
"Flower, water",Nutrient solution,HSR,NSA 0.5,NSA_0.5_KW,4,KW,2,10,88.05,-3.02,4.44,92.4,-1.71,6.42,85.38,-2.06,7.3,93.22,-1.59,6.85,84.27,-0.61,16.6
"Flower, water",Nutrient solution,HSR,NSA 0.5,NSA_0.5_KW,4,KW,3,10,88.46,-3.13,4.47,92.74,-1.69,6.56,87.52,-2.14,7.5,93.24,-1.58,6.83,84.03,-0.74,15.88
"Flower, water",Nutrient solution,HSR,NSA 0.5,NSA_0.5_KW,4,KW,1,11,84.38,-2.14,7.04,85.4,-0.31,10.65,78.27,1.23,11.73,76.5,2.94,15.25,87.7,-1.62,12.72
"Flower, water",Nutrient solution,HSR,NSA 0.5,NSA_0.5_KW,4,KW,2,11,84.53,-2.18,7.07,85.25,-0.33,10.74,77.46,1.36,12.14,76.24,2.9,15.11,87.9,-1.64,12.41
"Flower, water",Nutrient solution,HSR,NSA 0.5,NSA_0.5_KW,4,KW,3,11,84.46,-2.16,7.27,85.3,-0.33,10.7,78,1.23,12.06,76,2.87,15.16,88.25,-1.52,12.33
"Flower, water",Nutrient solution,HSR,NSA 0.5,NSA_0.5_KW,4,KW,1,12,90.02,-2.26,2.86,89.46,-0.77,5.31,88.53,-1.2,6.6,88.88,-0.83,9.52,90.5,-2.26,9.34
"Flower, water",Nutrient solution,HSR,NSA 0.5,NSA_0.5_KW,4,KW,2,12,90.35,-2.37,2.98,88.89,-0.64,5.25,90.21,-1.34,6.51,88.95,-0.82,9.48,91.26,-2.39,9.32
"Flower, water",Nutrient solution,HSR,NSA 0.5,NSA_0.5_KW,4,KW,3,12,90.29,-2.4,3.02,88.88,-0.67,5.4,90.59,-1.24,6.47,89.05,-0.8,9.45,91.61,-2.41,9.33
