condition,substrate,Group,treatment method ,treatment,treat No.,Cultivar,samples,fresh weight (A),dry weight(B),A-B,Vase_life,petals,petal size,L,a,b
Flower,soil,SSV,PSA1_0.0,PSA1_0.0_AG,1,AG,1,1.97,0.35,1.62,3,9,45.12,77.71,-8.35,17.8
Flower,soil,SSV,PSA1_0.0,PSA1_0.0_AG,1,AG,2,2.58,0.51,2.07,8,10,39.12,81.02,-8.86,17.21
Flower,soil,SSV,PSA1_0.0,PSA1_0.0_AG,1,AG,3,2.21,0.37,1.84,11,13,48.54,83.47,-10.28,19.79
Flower,soil,SSV,PSA1_0.0,PSA1_0.0_AG,1,AG,4,2.34,0.66,1.68,9,12,43.01,84.94,-12.09,24.94
Flower,soil,SSV,PSA1_0.0,PSA1_0.0_AG,1,AG,5,2.63,0.23,2.4,10,11,42.23,83.54,-12.54,28.63
Flower,soil,SSV,PSA1_0.0,PSA1_0.0_AG,1,AG,6,2.54,0.59,1.95,11,14,45.98,77.95,-11.09,22.12
Flower,soil,SSV,PSA1_0.1,PSA1_0.1_AG,2,AG,1,2.15,0.54,1.61,8,10,47.92,81.38,-16.44,31.81
Flower,soil,SSV,PSA1_0.1,PSA1_0.1_AG,2,AG,2,1.78,0.57,1.21,3,9,41.03,84.93,-10.53,33.04
Flower,soil,SSV,PSA1_0.1,PSA1_0.1_AG,2,AG,3,1.44,0.7,0.74,3,11,43.15,83.78,-11.8,25.58
Flower,soil,SSV,PSA1_0.1,PSA1_0.1_AG,2,AG,4,2.78,0.57,2.21,3,10,44.55,77.85,-12.38,27.09
Flower,soil,SSV,PSA1_0.1,PSA1_0.1_AG,2,AG,5,1.49,0.42,1.07,8,10,45.09,76.19,-12.86,25.69
Flower,soil,SSV,PSA1_0.1,PSA1_0.1_AG,2,AG,6,2.09,0.38,1.71,5,11,50.78,77.77,-11.95,23.51
Flower,soil,SSV,PSA1_0.3,PSA1_0.3_AG,3,AG,1,2.2,0.62,1.58,5,10,43.1,82.5,-9.23,20.92
Flower,soil,SSV,PSA1_0.3,PSA1_0.3_AG,3,AG,2,1.41,0.33,1.08,8,10,49.01,71.87,-14.19,30.84
Flower,soil,SSV,PSA1_0.3,PSA1_0.3_AG,3,AG,3,1.96,0.6,1.36,10,12,40.98,85.02,-12.55,25.58
Flower,soil,SSV,PSA1_0.3,PSA1_0.3_AG,3,AG,4,2.09,0.36,1.73,3,9,40.66,85.89,-8.87,19.75
Flower,soil,SSV,PSA1_0.3,PSA1_0.3_AG,3,AG,5,1.96,0.51,1.45,12,15,42.65,83.54,-10.21,22.15
Flower,soil,SSV,PSA1_0.3,PSA1_0.3_AG,3,AG,6,1.86,0.47,1.39,3,10,42.79,83.13,-11.71,23.05
Flower,soil,SSV,PSA1_0.5,PSA1_0.5_AG,4,AG,1,1.33,0.77,0.56,7,10,48.65,87.33,-10.6,24.49
Flower,soil,SSV,PSA1_0.5,PSA1_0.5_AG,4,AG,2,1.73,0.4,1.33,10,12,40.14,82.25,-13.02,26
Flower,soil,SSV,PSA1_0.5,PSA1_0.5_AG,4,AG,3,1.84,0.46,1.38,3,9,47.62,84.09,-11.02,21.61
Flower,soil,SSV,PSA1_0.5,PSA1_0.5_AG,4,AG,4,2.11,0.46,1.65,8,10,47.88,84.05,-10.37,22.3
Flower,soil,SSV,PSA1_0.5,PSA1_0.5_AG,4,AG,5,1.83,0.57,1.26,10,10,43.68,80.07,-15.34,30.4
Flower,soil,SSV,PSA1_0.5,PSA1_0.5_AG,4,AG,6,1.66,0.42,1.24,10,13,49.66,81.62,-14.01,28.73
Flower,soil,SSV,PSA1_0.0,PSA1_0.0_KP,1,CP,1,3.16,0.54,2.62,5,10,50.01,77.88,13.1,1.43
Flower,soil,SSV,PSA1_0.0,PSA1_0.0_KP,1,CP,2,3.09,0.84,2.25,3,9,52.66,72.88,20.03,1.96
Flower,soil,SSV,PSA1_0.0,PSA1_0.0_KP,1,CP,3,3.01,0.61,2.4,7,11,53.09,68.62,15.5,2.08
Flower,soil,SSV,PSA1_0.0,PSA1_0.0_KP,1,CP,4,3.39,0.43,2.96,7,11,54.12,82.93,10.97,3.08
Flower,soil,SSV,PSA1_0.0,PSA1_0.0_KP,1,CP,5,4.41,0.5,3.91,10,12,45.99,76.75,9.94,1.57
Flower,soil,SSV,PSA1_0.0,PSA1_0.0_KP,1,CP,6,2.44,0.72,1.72,8,12,50.36,78.04,10.28,1.63
Flower,soil,SSV,PSA1_0.1,PSA1_0.1_KP,2,CP,1,3.34,0.47,2.87,12,16,48.01,76.88,14.66,2.14
Flower,soil,SSV,PSA1_0.1,PSA1_0.1_KP,2,CP,2,3.49,0.57,2.92,8,11,52.46,75.5,10.65,3.36
Flower,soil,SSV,PSA1_0.1,PSA1_0.1_KP,2,CP,3,3.41,0.67,2.74,8,12,52.33,65.99,8.47,0.66
Flower,soil,SSV,PSA1_0.1,PSA1_0.1_KP,2,CP,4,2.56,0.43,2.13,10,14,48.66,76.8,13.19,1.58
Flower,soil,SSV,PSA1_0.1,PSA1_0.1_KP,2,CP,5,3.08,0.83,2.25,8,13,50,76.98,13.82,2.99
Flower,soil,SSV,PSA1_0.1,PSA1_0.1_KP,2,CP,6,2.61,0.65,1.96,7,10,56.24,69.06,14.83,1.75
Flower,soil,SSV,PSA1_0.3,PSA1_0.3_KP,3,CP,1,2.64,0.74,1.9,3,10,50.99,74.32,12.07,4.38
Flower,soil,SSV,PSA1_0.3,PSA1_0.3_KP,3,CP,2,2.42,0.72,1.7,7,13,50.88,74.17,15.43,4.12
Flower,soil,SSV,PSA1_0.3,PSA1_0.3_KP,3,CP,3,2.69,0.54,2.15,5,11,46.65,79.45,12.05,2.88
Flower,soil,SSV,PSA1_0.3,PSA1_0.3_KP,3,CP,4,3.17,0.8,2.37,7,12,47.77,80.44,13.03,2.97
Flower,soil,SSV,PSA1_0.3,PSA1_0.3_KP,3,CP,5,2.46,0.92,1.54,7,13,53.12,75.81,13.83,3.59
Flower,soil,SSV,PSA1_0.3,PSA1_0.3_KP,3,CP,6,2.6,0.7,1.9,8,12,54.04,80.7,9.1,4.05
Flower,soil,SSV,PSA1_0.5,PSA1_0.5_KP,4,CP,1,2.3,0.68,1.62,8,12,44.78,75.42,13.12,3.17
Flower,soil,SSV,PSA1_0.5,PSA1_0.5_KP,4,CP,2,2.09,0.79,1.3,5,13,44.99,74.41,14.21,1.74
Flower,soil,SSV,PSA1_0.5,PSA1_0.5_KP,4,CP,3,3.24,0.61,2.63,10,14,53.11,78.32,9.28,3.02
Flower,soil,SSV,PSA1_0.5,PSA1_0.5_KP,4,CP,4,2.74,1.05,1.69,5,12,54.09,74.14,13.31,2.11
Flower,soil,SSV,PSA1_0.5,PSA1_0.5_KP,4,CP,5,3.09,0.83,2.26,3,10,54.77,75.13,16.84,1.77
Flower,soil,SSV,PSA1_0.5,PSA1_0.5_KP,4,CP,6,3.84,0.72,3.12,7,13,55.21,77.88,13.22,3.66
Flower,soil,SSV,PSA1_0.0,PSA1_0.0_BP,1,BP,1,2.26,0.52,1.74,8,11,43.21,88.35,1.91,1.74
Flower,soil,SSV,PSA1_0.0,PSA1_0.0_BP,1,BP,2,2.87,0.47,2.4,9,12,40.69,31.41,37.29,-31.48
Flower,soil,SSV,PSA1_0.0,PSA1_0.0_BP,1,BP,3,2.01,0.56,1.45,9,15,42.77,33.24,30.65,-25.69
Flower,soil,SSV,PSA1_0.0,PSA1_0.0_BP,1,BP,4,2.51,0.61,1.9,9,14,45.89,67.86,13.02,-11.9
Flower,soil,SSV,PSA1_0.0,PSA1_0.0_BP,1,BP,5,2.23,0.47,1.76,7,12,42.89,60.04,12.93,-12.03
Flower,soil,SSV,PSA1_0.0,PSA1_0.0_BP,1,BP,6,2.52,0.78,1.74,7,10,40.97,72.86,10.05,-8.32
Flower,soil,SSV,PSA1_0.1,PSA1_0.1_BP,2,BP,1,1.61,0.37,1.24,3,11,40.66,31.45,23.35,-19.22
Flower,soil,SSV,PSA1_0.1,PSA1_0.1_BP,2,BP,2,3.18,0.51,2.67,12,16,40.98,65.33,10.24,-8.3
Flower,soil,SSV,PSA1_0.1,PSA1_0.1_BP,2,BP,3,1.98,0.57,1.41,8,10,42.02,56.78,19.1,-16.26
Flower,soil,SSV,PSA1_0.1,PSA1_0.1_BP,2,BP,4,1.86,0.83,1.03,8,13,43.06,53,13.21,-11.54
Flower,soil,SSV,PSA1_0.1,PSA1_0.1_BP,2,BP,5,2.68,0.66,2.02,8,15,41.91,48.39,12.69,-10.82
Flower,soil,SSV,PSA1_0.1,PSA1_0.1_BP,2,BP,6,3,0.61,2.39,10,14,42.01,51.16,21.7,-18.2
Flower,soil,SSV,PSA1_0.3,PSA1_0.3_BP,3,BP,1,2.13,0.58,1.55,10,15,44.68,65.96,8.58,-7.96
Flower,soil,SSV,PSA1_0.3,PSA1_0.3_BP,3,BP,2,2.38,0.44,1.94,7,12,46.59,67.69,13.73,-12.21
Flower,soil,SSV,PSA1_0.3,PSA1_0.3_BP,3,BP,4,2.48,0.62,1.86,8,10,46.55,75.84,4.65,-4.59
Flower,soil,SSV,PSA1_0.3,PSA1_0.3_BP,3,BP,5,2.81,0.41,2.4,7,13,48.44,66.32,7.56,-5.32
Flower,soil,SSV,PSA1_0.3,PSA1_0.3_BP,3,BP,6,2.73,0.52,2.21,8,10,42.46,66.32,7.56,-5.32
Flower,soil,SSV,PSA1_0.5,PSA1_0.5_BP,4,BP,1,3.08,0.84,2.24,12,14,40.12,35.29,21.44,-18.68
Flower,soil,SSV,PSA1_0.5,PSA1_0.5_BP,4,BP,2,1.9,0.78,1.12,10,13,44.32,46.99,28.54,-25.89
Flower,soil,SSV,PSA1_0.5,PSA1_0.5_BP,4,BP,3,2.68,0.43,2.25,7,12,50.01,29.75,33.93,-27.84
Flower,soil,SSV,PSA1_0.5,PSA1_0.5_BP,4,BP,4,2.35,0.74,1.61,10,12,46.34,68.3,11.07,-9.41
Flower,soil,SSV,PSA1_0.5,PSA1_0.5_BP,4,BP,5,1.56,0.85,0.71,7,10,41.61,51.18,17.84,-15.72
Flower,soil,SSV,PSA1_0.5,PSA1_0.5_BP,4,BP,6,1.39,0.74,0.65,7,11,42.69,49.45,20.9,-18.32
Flower,soil,SSV,PSA1_0.0,PSA1_0.0_KW,1,KW,1,3.71,0.61,3.1,7,11,42.98,86.24,-2.15,6.58
Flower,soil,SSV,PSA1_0.0,PSA1_0.0_KW,1,KW,2,3.9,0.68,3.22,7,13,44.62,93.37,-0.78,3.74
Flower,soil,SSV,PSA1_0.0,PSA1_0.0_KW,1,KW,3,3.36,0.63,2.73,7,11,42.36,87.73,-0.53,2.32
Flower,soil,SSV,PSA1_0.0,PSA1_0.0_KW,1,KW,4,3.64,0.47,3.17,7,14,44.06,85.13,-2.29,7.68
Flower,soil,SSV,PSA1_0.0,PSA1_0.0_KW,1,KW,5,4.54,0.43,4.11,7,11,40.88,90.19,-0.7,3.84
Flower,soil,SSV,PSA1_0.0,PSA1_0.0_KW,1,KW,6,2.94,0.85,2.09,10,15,41.22,91.9,-0.79,3.35
Flower,soil,SSV,PSA1_0.1,PSA1_0.1_KW,2,KW,1,2.76,0.85,1.91,10,10,44.63,91.18,-1.2,3.45
Flower,soil,SSV,PSA1_0.1,PSA1_0.1_KW,2,KW,2,4.29,0.56,3.73,12,14,44.61,82.06,-0.9,2.91
Flower,soil,SSV,PSA1_0.1,PSA1_0.1_KW,2,KW,3,4.14,0.57,3.57,8,11,47.78,86.61,-1.64,4.29
Flower,soil,SSV,PSA1_0.1,PSA1_0.1_KW,2,KW,4,3.47,0.77,2.7,7,15,47.77,90.37,-1.57,4.02
Flower,soil,SSV,PSA1_0.1,PSA1_0.1_KW,2,KW,5,3.62,0.52,3.1,8,10,45.01,91.68,-1.16,3.57
Flower,soil,SSV,PSA1_0.1,PSA1_0.1_KW,2,KW,6,3.24,0.8,2.44,10,14,50.66,87.74,-0.89,1.66
Flower,soil,SSV,PSA1_0.3,PSA1_0.3_KW,3,KW,1,3.41,0.81,2.6,8,10,49.11,92.05,-1.81,4.32
Flower,soil,SSV,PSA1_0.3,PSA1_0.3_KW,3,KW,2,3.75,0.61,3.14,12,15,41.36,88.35,-3.1,8.87
Flower,soil,SSV,PSA1_0.3,PSA1_0.3_KW,3,KW,3,3.37,0.4,2.97,8,11,40.21,91.82,-1.22,4.47
Flower,soil,SSV,PSA1_0.3,PSA1_0.3_KW,3,KW,4,3.14,0.44,2.7,7,10,40.33,92.94,-3.27,8.22
Flower,soil,SSV,PSA1_0.3,PSA1_0.3_KW,3,KW,5,3.01,0.81,2.2,10,15,36.44,88.09,-3.2,7.61
Flower,soil,SSV,PSA1_0.3,PSA1_0.3_KW,3,KW,6,3.43,1,2.43,8,11,38.49,88.91,-1.42,5.4
Flower,soil,SSV,PSA1_0.5,PSA1_0.5_KW,4,KW,1,3.51,0.56,2.95,7,11,47.01,84.71,-1.76,6.06
Flower,soil,SSV,PSA1_0.5,PSA1_0.5_KW,4,KW,2,3.68,0.96,2.72,8,12,35.99,93.96,-1.55,5.48
Flower,soil,SSV,PSA1_0.5,PSA1_0.5_KW,4,KW,3,3.77,0.71,3.06,8,10,40.39,72.77,-0.35,2.66
Flower,soil,SSV,PSA1_0.5,PSA1_0.5_KW,4,KW,4,3.23,0.77,2.46,7,10,41.62,82.37,-1.33,4.47
Flower,soil,SSV,PSA1_0.5,PSA1_0.5_KW,4,KW,5,4.11,0.68,3.43,10,15,44.55,86.25,-1.49,5.2
Flower,soil,SSV,PSA1_0.5,PSA1_0.5_KW,4,KW,6,3.88,0.74,3.14,7,10,40.45,83.16,-0.59,3.29
Flower,soil,SSR,PSA2_0.0,PSA2_0.0_AG,1,AG,1,1.97,0.35,1.62,3,9,47.12,77.71,-8.35,17.8
Flower,soil,SSR,PSA2_0.0,PSA2_0.0_AG,1,AG,2,2.58,0.51,2.07,7,10,40.62,81.02,-8.86,17.21
Flower,soil,SSR,PSA2_0.0,PSA2_0.0_AG,1,AG,3,2.21,0.37,1.84,10,13,50.35,83.47,-10.28,19.79
Flower,soil,SSR,PSA2_0.0,PSA2_0.0_AG,1,AG,4,2.34,0.66,1.68,9,12,43.01,84.94,-12.09,24.94
Flower,soil,SSR,PSA2_0.0,PSA2_0.0_AG,1,AG,5,2.63,0.23,2.4,10,11,42.23,83.54,-12.54,28.63
Flower,soil,SSR,PSA2_0.0,PSA2_0.0_AG,1,AG,6,2.54,0.59,1.95,10,14,49.95,77.95,-11.09,22.12
Flower,soil,SSR,PSA2_0.1,PSA2_0.1_AG,2,AG,1,2.76,0.54,2.22,12,12,52.12,76.73,-10.81,23.97
Flower,soil,SSR,PSA2_0.1,PSA2_0.1_AG,2,AG,2,2.86,0.73,2.13,8,11,53.23,83.13,-7.18,16.79
Flower,soil,SSR,PSA2_0.1,PSA2_0.1_AG,2,AG,3,2.52,0.68,1.84,10,11,55.21,84.42,-8.29,19.04
Flower,soil,SSR,PSA2_0.1,PSA2_0.1_AG,2,AG,4,2.29,0.76,1.53,8,10,55.62,80.56,-13.94,31.27
Flower,soil,SSR,PSA2_0.1,PSA2_0.1_AG,2,AG,5,2.2,0.6,1.6,10,11,54.15,80.18,-7.26,17.26
Flower,soil,SSR,PSA2_0.1,PSA2_0.1_AG,2,AG,6,1.6,0.48,1.12,8,10,55.44,83.48,-9.94,23.06
Flower,soil,SSR,PSA2_0.3,PSA2_0.3_AG,3,AG,1,2.29,0.63,1.66,12,12,51.66,83.72,-9.67,23.68
Flower,soil,SSR,PSA2_0.3,PSA2_0.3_AG,3,AG,2,2.11,0.43,1.68,12,12,50.77,79.08,-11.07,24.9
Flower,soil,SSR,PSA2_0.3,PSA2_0.3_AG,3,AG,3,2.78,0.43,2.35,12,11,55,79.82,-11.24,24.77
Flower,soil,SSR,PSA2_0.3,PSA2_0.3_AG,3,AG,4,2.24,0.54,1.7,8,10,53.91,83.27,-10.09,20.32
Flower,soil,SSR,PSA2_0.3,PSA2_0.3_AG,3,AG,5,2.88,0.72,2.16,10,10,56.65,82.54,-10.88,25
Flower,soil,SSR,PSA2_0.3,PSA2_0.3_AG,3,AG,6,2.24,0.82,1.42,8,10,57.01,80.51,-7.93,17.26
Flower,soil,SSR,PSA2_0.5,PSA2_0.5_AG,4,AG,1,2.85,0.42,2.43,12,12,50.21,84.59,-9.37,23.05
Flower,soil,SSR,PSA2_0.5,PSA2_0.5_AG,4,AG,2,2.6,0.79,1.81,8,10,53.3,84.59,-10.32,24.07
Flower,soil,SSR,PSA2_0.5,PSA2_0.5_AG,4,AG,3,2.91,0.83,2.08,12,12,53.4,79.06,-10.86,24.16
Flower,soil,SSR,PSA2_0.5,PSA2_0.5_AG,4,AG,4,2.4,0.76,1.64,8,10,55.87,84.07,-11.44,25.55
Flower,soil,SSR,PSA2_0.5,PSA2_0.5_AG,4,AG,5,2,0.67,1.33,8,10,50.62,75.56,-11.91,25.37
Flower,soil,SSR,PSA2_0.5,PSA2_0.5_AG,4,AG,6,2.71,0.46,2.25,10,10,51.19,74.17,-13.16,27.16
Flower,soil,SSR,PSA2_0.0,PSA2_0.0_KP,1,CP,1,3.16,0.54,2.62,5,10,50.01,77.88,13.1,1.43
Flower,soil,SSR,PSA2_0.0,PSA2_0.0_KP,1,CP,2,3.09,0.84,2.25,3,9,52.66,72.88,20.03,1.96
Flower,soil,SSR,PSA2_0.0,PSA2_0.0_KP,1,CP,3,3.01,0.61,2.4,7,11,53.09,68.62,15.5,2.08
Flower,soil,SSR,PSA2_0.0,PSA2_0.0_KP,1,CP,4,3.39,0.43,2.96,7,11,54.12,82.93,10.97,3.08
Flower,soil,SSR,PSA2_0.0,PSA2_0.0_KP,1,CP,5,4.41,0.5,3.91,9,12,45.99,76.75,9.94,1.57
Flower,soil,SSR,PSA2_0.0,PSA2_0.0_KP,1,CP,6,2.44,0.72,1.72,7,12,50.36,78.04,10.28,1.63
Flower,soil,SSR,PSA2_0.1,PSA2_0.1_KP,2,CP,1,2.96,0.72,2.24,6,10,55.63,75.69,15.9,2.9
Flower,soil,SSR,PSA2_0.1,PSA2_0.1_KP,2,CP,2,2.7,0.65,2.05,7,13,40.32,78.81,15.17,3.69
Flower,soil,SSR,PSA2_0.1,PSA2_0.1_KP,2,CP,3,2.75,0.33,2.42,7,12,55.49,74.39,8.83,1.43
Flower,soil,SSR,PSA2_0.1,PSA2_0.1_KP,2,CP,4,2.42,0.56,1.86,7,13,53.24,71.41,8.44,3.59
Flower,soil,SSR,PSA2_0.1,PSA2_0.1_KP,2,CP,5,3.82,0.78,3.04,7,12,56.62,75.76,19.32,1.14
Flower,soil,SSR,PSA2_0.1,PSA2_0.1_KP,2,CP,6,3.16,0.56,2.6,6,10,54.28,83.83,7.33,2.83
Flower,soil,SSR,PSA2_0.3,PSA2_0.3_KP,3,CP,1,2.41,0.32,2.09,10,13,57.55,78.38,10.17,2.65
Flower,soil,SSR,PSA2_0.3,PSA2_0.3_KP,3,CP,2,2.46,0.51,1.95,8,10,55.69,80.21,8.45,3.97
Flower,soil,SSR,PSA2_0.3,PSA2_0.3_KP,3,CP,3,2.38,0.35,2.03,8,12,56.66,75.67,14.97,1.57
Flower,soil,SSR,PSA2_0.3,PSA2_0.3_KP,3,CP,4,2.62,0.67,1.95,8,10,59.12,75.37,16.31,1.44
Flower,soil,SSR,PSA2_0.3,PSA2_0.3_KP,3,CP,5,3.54,0.96,2.58,8,12,58.77,75.32,15.74,3.68
Flower,soil,SSR,PSA2_0.3,PSA2_0.3_KP,3,CP,6,2.2,0.31,1.89,10,13,54.26,79.43,10.52,3.39
Flower,soil,SSR,PSA2_0.5,PSA2_0.5_KP,4,CP,1,2.89,0.96,1.93,7,10,56.88,74.9,11.54,5.76
Flower,soil,SSR,PSA2_0.5,PSA2_0.5_KP,4,CP,2,1.6,0.38,1.22,5,10,57.91,80.64,12.98,4.61
Flower,soil,SSR,PSA2_0.5,PSA2_0.5_KP,4,CP,3,3.43,0.6,2.83,8,13,51.11,79.2,14.46,4.81
Flower,soil,SSR,PSA2_0.5,PSA2_0.5_KP,4,CP,4,2.62,0.43,2.19,8,10,56.54,78.55,7.67,5.65
Flower,soil,SSR,PSA2_0.5,PSA2_0.5_KP,4,CP,5,2.59,0.87,1.72,7,10,59.78,70.67,18.44,3.41
Flower,soil,SSR,PSA2_0.5,PSA2_0.5_KP,4,CP,6,2.94,0.51,2.43,7,10,54.44,80.51,8.3,2.33
Flower,soil,SSR,PSA2_0.0,PSA2_0.0_BP,1,BP,1,2.26,0.52,1.74,7,11,43.21,88.35,1.91,1.74
Flower,soil,SSR,PSA2_0.0,PSA2_0.0_BP,1,BP,2,2.87,0.47,2.4,9,12,40.69,31.41,37.29,-31.48
Flower,soil,SSR,PSA2_0.0,PSA2_0.0_BP,1,BP,3,2.01,0.56,1.45,9,15,42.77,33.24,30.65,-25.69
Flower,soil,SSR,PSA2_0.0,PSA2_0.0_BP,1,BP,4,2.51,0.61,1.9,9,14,45.89,67.86,13.02,-11.9
Flower,soil,SSR,PSA2_0.0,PSA2_0.0_BP,1,BP,5,2.23,0.47,1.76,7,12,42.89,60.04,12.93,-12.03
Flower,soil,SSR,PSA2_0.0,PSA2_0.0_BP,1,BP,6,2.52,0.78,1.74,7,10,40.97,71.49,9.93,-8.29
Flower,soil,SSR,PSA2_0.1,PSA2_0.1_BP,2,BP,1,1.5,0.32,1.18,10,10,45.87,68.52,10.78,-9.89
Flower,soil,SSR,PSA2_0.1,PSA2_0.1_BP,2,BP,2,1.69,0.36,1.33,7,10,40.4,65.61,15.96,-12.55
Flower,soil,SSR,PSA2_0.1,PSA2_0.1_BP,2,BP,3,1.65,0.4,1.25,10,10,45.45,71.17,11.43,-8.47
Flower,soil,SSR,PSA2_0.1,PSA2_0.1_BP,2,BP,4,2.56,0.53,2.03,8,9,45.88,63.93,15.42,-13.49
Flower,soil,SSR,PSA2_0.1,PSA2_0.1_BP,2,BP,5,2.24,0.67,1.57,8,10,43.33,84.78,1.51,1.02
Flower,soil,SSR,PSA2_0.1,PSA2_0.1_BP,2,BP,6,2.6,0.37,2.23,10,10,47.77,51.84,17.43,-14.86
Flower,soil,SSR,PSA2_0.3,PSA2_0.3_BP,3,BP,1,2.47,0.54,1.93,8,9,45.98,78.75,3.16,1.25
Flower,soil,SSR,PSA2_0.3,PSA2_0.3_BP,3,BP,2,2.53,0.59,1.94,10,10,48,81.03,3.39,-0.45
Flower,soil,SSR,PSA2_0.3,PSA2_0.3_BP,3,BP,3,2.88,0.49,2.39,10,10,45.36,40.27,27.5,-22.69
Flower,soil,SSR,PSA2_0.3,PSA2_0.3_BP,3,BP,4,2.25,0.38,1.87,10,10,52.87,54.71,20.48,-16.12
Flower,soil,SSR,PSA2_0.3,PSA2_0.3_BP,3,BP,5,2.65,0.72,1.93,10,10,47.77,68.78,10.7,-8.33
Flower,soil,SSR,PSA2_0.3,PSA2_0.3_BP,3,BP,6,1.96,0.52,1.44,10,10,45.92,83.74,2.49,0.91
Flower,soil,SSR,PSA2_0.5,PSA2_0.5_BP,4,BP,1,3.47,0.6,2.87,12,10,51.84,53.18,11.64,-10.12
Flower,soil,SSR,PSA2_0.5,PSA2_0.5_BP,4,BP,2,2.41,0.76,1.65,7,10,46.74,62.65,13.46,-10.19
Flower,soil,SSR,PSA2_0.5,PSA2_0.5_BP,4,BP,3,2.64,0.65,1.99,12,10,47.17,26.43,33.58,-25.99
Flower,soil,SSR,PSA2_0.5,PSA2_0.5_BP,4,BP,4,2.11,0.32,1.79,12,11,43.12,77.61,7.08,-3.87
Flower,soil,SSR,PSA2_0.5,PSA2_0.5_BP,4,BP,5,1.96,0.44,1.52,10,10,46.54,52.55,22.3,-18.11
Flower,soil,SSR,PSA2_0.5,PSA2_0.5_BP,4,BP,6,2.17,0.32,1.85,10,10,46.01,48.22,21.17,-17.09
Flower,soil,SSR,PSA2_0.0,PSA2_0.0_KW,1,KW,1,3.71,0.61,3.1,7,11,42.98,86.24,-2.15,6.58
Flower,soil,SSR,PSA2_0.0,PSA2_0.0_KW,1,KW,2,3.9,0.68,3.22,7,13,44.62,90.57,-0.85,3.83
Flower,soil,SSR,PSA2_0.0,PSA2_0.0_KW,1,KW,3,3.36,0.63,2.73,7,11,42.36,87.73,-0.53,2.32
Flower,soil,SSR,PSA2_0.0,PSA2_0.0_KW,1,KW,4,3.64,0.47,3.17,7,14,44.06,85.13,-2.29,7.68
Flower,soil,SSR,PSA2_0.0,PSA2_0.0_KW,1,KW,5,4.54,0.43,4.11,7,11,40.88,90.19,-0.7,3.84
Flower,soil,SSR,PSA2_0.0,PSA2_0.0_KW,1,KW,6,2.94,0.85,2.09,10,15,41.22,91.9,-0.79,3.35
Flower,soil,SSR,PSA2_0.1,PSA2_0.1_KW,2,KW,1,4.4,0.65,3.75,10,14,47.12,82.71,0.02,2.05
Flower,soil,SSR,PSA2_0.1,PSA2_0.1_KW,2,KW,2,1.01,0.49,0.52,10,14,48.55,89.11,-0.94,5.4
Flower,soil,SSR,PSA2_0.1,PSA2_0.1_KW,2,KW,3,1.61,0.69,0.92,8,15,51,91.42,0.03,2.6
Flower,soil,SSR,PSA2_0.1,PSA2_0.1_KW,2,KW,4,3.09,0.64,2.45,8,14,44.21,91.76,0.14,2.45
Flower,soil,SSR,PSA2_0.1,PSA2_0.1_KW,2,KW,5,3.72,0.4,3.32,12,14,40.23,91.54,0.17,2.49
Flower,soil,SSR,PSA2_0.1,PSA2_0.1_KW,2,KW,6,3.58,0.61,2.97,10,13,42.47,91.03,-0.11,3.56
Flower,soil,SSR,PSA2_0.3,PSA2_0.3_KW,3,KW,1,3.81,0.53,3.28,10,11,44.31,82.02,-0.44,4.25
Flower,soil,SSR,PSA2_0.3,PSA2_0.3_KW,3,KW,2,3.12,0.66,2.46,8,10,42.65,91.11,-0.13,2.6
Flower,soil,SSR,PSA2_0.3,PSA2_0.3_KW,3,KW,3,5.42,0.69,4.73,12,14,45.77,85.1,-0.69,4.87
Flower,soil,SSR,PSA2_0.3,PSA2_0.3_KW,3,KW,4,2.71,0.38,2.33,7,10,48.26,90.76,-0.09,2.87
Flower,soil,SSR,PSA2_0.3,PSA2_0.3_KW,3,KW,5,2.91,0.63,2.28,8,10,45.54,91.26,-0.59,4.68
Flower,soil,SSR,PSA2_0.3,PSA2_0.3_KW,3,KW,6,3.73,0.42,3.31,12,14,53.33,88.62,-1.13,5.2
Flower,soil,SSR,PSA2_0.5,PSA2_0.5_KW,4,KW,1,4.2,0.45,3.75,12,10,41.12,91.34,-1.67,6.8
Flower,soil,SSR,PSA2_0.5,PSA2_0.5_KW,4,KW,2,3.86,0.39,3.47,10,10,45.54,87.86,-2.96,9.99
Flower,soil,SSR,PSA2_0.5,PSA2_0.5_KW,4,KW,3,4.26,0.77,3.49,12,14,49.66,89.55,-0.73,3.93
Flower,soil,SSR,PSA2_0.5,PSA2_0.5_KW,4,KW,4,3.67,0.43,3.24,10,10,48.77,88.44,-0.46,3.56
Flower,soil,SSR,PSA2_0.5,PSA2_0.5_KW,4,KW,5,4.43,0.9,3.53,10,10,42.65,91.66,-2.24,7.56
Flower,soil,SSR,PSA2_0.5,PSA2_0.5_KW,4,KW,6,3.11,0.42,2.69,8,10,45.19,88.33,-1.53,6.29
Flower,soil,PSC1,PSC1_0.0,PSC1_0.0_AG,1,AG,1,1.97,0.35,1.62,3,9,47.12,77.71,-8.35,17.8
Flower,soil,PSC1,PSC1_0.0,PSC1_0.0_AG,1,AG,2,2.58,0.51,2.07,7,10,40.62,81.02,-8.86,17.21
Flower,soil,PSC1,PSC1_0.0,PSC1_0.0_AG,1,AG,3,2.21,0.37,1.84,10,13,50.35,83.47,-10.28,19.79
Flower,soil,PSC1,PSC1_0.0,PSC1_0.0_AG,1,AG,4,2.34,0.66,1.68,8,12,43.01,84.94,-12.09,24.94
Flower,soil,PSC1,PSC1_0.0,PSC1_0.0_AG,1,AG,5,2.63,0.23,2.4,9,11,42.23,83.54,-12.54,28.63
Flower,soil,PSC1,PSC1_0.0,PSC1_0.0_AG,1,AG,6,2.54,0.59,1.95,11,14,49.95,63.96,12.37,24.81
Flower,soil,PSC1,PSC1_0.3,PSC1_0.3_AG,2,AG,1,2.41,0.61,1.8,8,10,45.33,83.67,-9.28,23.6
Flower,soil,PSC1,PSC1_0.3,PSC1_0.3_AG,2,AG,2,1.76,0.72,1.04,7,10,43.65,85.16,-7.32,18.5
Flower,soil,PSC1,PSC1_0.3,PSC1_0.3_AG,2,AG,3,2.05,0.8,1.25,5,10,48.88,81.93,-6.98,15.59
Flower,soil,PSC1,PSC1_0.3,PSC1_0.3_AG,2,AG,4,3.03,0.75,2.28,10,11,47.95,82.2,-10.05,22.98
Flower,soil,PSC1,PSC1_0.3,PSC1_0.3_AG,2,AG,5,1.93,0.67,1.26,7,10,50.25,85.32,-9.89,23.8
Flower,soil,PSC1,PSC1_0.3,PSC1_0.3_AG,2,AG,6,2.74,0.6,2.14,10,12,46.65,85.16,-7.32,18.5
Flower,soil,PSC1,PSC1_0.5,PSC1_0.5_AG,3,AG,1,2.56,0.66,1.9,12,11,47.11,89.13,-8.7,18.87
Flower,soil,PSC1,PSC1_0.5,PSC1_0.5_AG,3,AG,2,2.14,0.53,1.61,12,12,43.32,86.03,-7.93,17.6
Flower,soil,PSC1,PSC1_0.5,PSC1_0.5_AG,3,AG,3,2.32,0.79,1.53,8,11,46.55,83.58,-9.77,19.74
Flower,soil,PSC1,PSC1_0.5,PSC1_0.5_AG,3,AG,4,1.82,0.85,0.97,7,9,47.17,85.73,-7.36,16.95
Flower,soil,PSC1,PSC1_0.5,PSC1_0.5_AG,3,AG,5,2.23,0.55,1.68,12,11,45.65,76.6,-7,14.39
Flower,soil,PSC1,PSC1_0.5,PSC1_0.5_AG,3,AG,6,2.43,0.71,1.72,11,10,46.46,67.81,-8.92,17.58
Flower,soil,PSC1,PSC1_1.0,PSC1_1.0_AG,4,AG,1,2.88,0.56,2.32,12,12,48.12,82.92,-12.64,26
Flower,soil,PSC1,PSC1_1.0,PSC1_1.0_AG,4,AG,2,2.77,0.64,2.13,11,10,43.32,76.81,-6.74,14.12
Flower,soil,PSC1,PSC1_1.0,PSC1_1.0_AG,4,AG,3,3.18,0.82,2.36,11,11,50.45,85.91,-10.6,19.09
Flower,soil,PSC1,PSC1_1.0,PSC1_1.0_AG,4,AG,4,2.68,0.75,1.93,8,10,45.78,84.23,-10.84,22.04
Flower,soil,PSC1,PSC1_1.0,PSC1_1.0_AG,4,AG,5,2.55,0.54,2.01,12,12,51,85.3,-8.16,16.51
Flower,soil,PSC1,PSC1_1.0,PSC1_1.0_AG,4,AG,6,2.05,0.64,1.41,5,10,43.33,77.13,-10.09,21.76
Flower,soil,PSC1,PSC1_0.0,PSC1_0.0_KP,1,CP,1,3.16,0.54,2.62,5,10,50.01,77.88,13.1,1.43
Flower,soil,PSC1,PSC1_0.0,PSC1_0.0_KP,1,CP,2,3.09,0.84,2.25,3,9,52.66,72.88,20.03,1.96
Flower,soil,PSC1,PSC1_0.0,PSC1_0.0_KP,1,CP,3,3.01,0.61,2.4,7,11,53.09,68.62,15.5,2.08
Flower,soil,PSC1,PSC1_0.0,PSC1_0.0_KP,1,CP,4,3.39,0.43,2.96,7,11,54.12,82.93,10.97,3.08
Flower,soil,PSC1,PSC1_0.0,PSC1_0.0_KP,1,CP,5,4.41,0.5,3.91,9,12,45.99,76.75,9.94,1.57
Flower,soil,PSC1,PSC1_0.0,PSC1_0.0_KP,1,CP,6,2.44,0.72,1.72,7,12,50.36,78.04,10.28,1.63
Flower,soil,PSC1,PSC1_0.3,PSC1_0.3_KP,2,CP,1,3.13,0.44,2.69,8,10,47.77,85.45,8.02,6.26
Flower,soil,PSC1,PSC1_0.3,PSC1_0.3_KP,2,CP,2,2.21,0.78,1.43,4,9,46.01,71.71,13.48,1.01
Flower,soil,PSC1,PSC1_0.3,PSC1_0.3_KP,2,CP,3,1.21,0.51,0.7,4,7,55.02,85.69,6.93,4.05
Flower,soil,PSC1,PSC1_0.3,PSC1_0.3_KP,2,CP,4,3.16,0.58,2.58,8,11,49.35,77.06,19.16,2.18
Flower,soil,PSC1,PSC1_0.3,PSC1_0.3_KP,2,CP,5,2.25,0.5,1.75,3,10,50.74,77.56,12.83,3.06
Flower,soil,PSC1,PSC1_0.3,PSC1_0.3_KP,2,CP,6,2.53,0.48,2.05,7,10,45.66,79.04,9.73,1.49
Flower,soil,PSC1,PSC1_0.5,PSC1_0.5_KP,3,CP,1,3.71,0.56,3.15,7,11,54.47,81.6,10.43,4.45
Flower,soil,PSC1,PSC1_0.5,PSC1_0.5_KP,3,CP,2,1.84,0.48,1.36,3,10,55.08,48.63,5.41,7.69
Flower,soil,PSC1,PSC1_0.5,PSC1_0.5_KP,3,CP,3,2.92,0.85,2.07,5,10,54.33,82.28,9.75,3.93
Flower,soil,PSC1,PSC1_0.5,PSC1_0.5_KP,3,CP,4,2.51,0.73,1.78,8,12,50.12,84.74,8.15,3.26
Flower,soil,PSC1,PSC1_0.5,PSC1_0.5_KP,3,CP,5,2.69,0.52,2.17,8,11,52.39,81.04,11.88,3.37
Flower,soil,PSC1,PSC1_0.5,PSC1_0.5_KP,3,CP,6,3.1,1,2.1,7,13,50.62,82.18,9.52,4.22
Flower,soil,PSC1,PSC1_1.0,PSC1_1.0_KP,4,CP,1,2.79,0.7,2.09,4,10,52.35,78.98,12.38,2.49
Flower,soil,PSC1,PSC1_1.0,PSC1_1.0_KP,4,CP,2,2.52,0.49,2.03,8,10,45.62,74.68,11.3,2.97
Flower,soil,PSC1,PSC1_1.0,PSC1_1.0_KP,4,CP,3,3.45,0.39,3.06,12,13,54.03,80.61,15.65,2.3
Flower,soil,PSC1,PSC1_1.0,PSC1_1.0_KP,4,CP,4,3.02,0.61,2.41,7,10,50.01,68.94,17.88,2.22
Flower,soil,PSC1,PSC1_1.0,PSC1_1.0_KP,4,CP,5,3.25,0.55,2.7,8,11,51.77,78.86,8.32,2.46
Flower,soil,PSC1,PSC1_1.0,PSC1_1.0_KP,4,CP,6,3.3,1,2.3,7,10,52.22,69.12,21.12,3.48
Flower,soil,PSC1,PSC1_0.0,PSC1_0.0_BP,1,BP,1,2.26,0.52,1.74,7,11,43.21,88.35,1.91,1.74
Flower,soil,PSC1,PSC1_0.0,PSC1_0.0_BP,1,BP,2,2.87,0.47,2.4,9,12,40.69,31.41,37.29,-31.48
Flower,soil,PSC1,PSC1_0.0,PSC1_0.0_BP,1,BP,3,2.01,0.56,1.45,9,15,42.77,33.24,30.65,-25.69
Flower,soil,PSC1,PSC1_0.0,PSC1_0.0_BP,1,BP,4,2.51,0.61,1.9,9,14,45.89,67.86,13.02,-11.9
Flower,soil,PSC1,PSC1_0.0,PSC1_0.0_BP,1,BP,5,2.23,0.47,1.76,7,12,42.89,60.04,12.93,-12.03
Flower,soil,PSC1,PSC1_0.0,PSC1_0.0_BP,1,BP,6,2.52,0.78,1.74,7,10,40.97,71.49,9.93,-8.29
Flower,soil,PSC1,PSC1_0.3,PSC1_0.3_BP,2,BP,1,2.47,0.39,2.08,10,10,45.65,42.39,26.48,-21.91
Flower,soil,PSC1,PSC1_0.3,PSC1_0.3_BP,2,BP,2,2.02,0.39,1.63,10,10,41.03,58.09,20.52,-16.66
Flower,soil,PSC1,PSC1_0.3,PSC1_0.3_BP,2,BP,3,2.65,0.02,2.63,12,12,41.54,87.07,1.39,1.8
Flower,soil,PSC1,PSC1_0.3,PSC1_0.3_BP,2,BP,4,3.93,0.71,3.22,12,12,42.78,75.89,4.86,-2.03
Flower,soil,PSC1,PSC1_0.3,PSC1_0.3_BP,2,BP,5,3.34,0.74,2.6,10,11,40.01,47.97,21.2,-18.45
Flower,soil,PSC1,PSC1_0.3,PSC1_0.3_BP,2,BP,6,1.18,0.36,0.82,3,10,40.46,72.38,5.42,0.93
Flower,soil,PSC1,PSC1_0.5,PSC1_0.5_BP,3,BP,1,1.66,0.5,1.16,5,10,45.87,65.93,10.41,-8.44
Flower,soil,PSC1,PSC1_0.5,PSC1_0.5_BP,3,BP,2,2.58,0.49,2.09,8,10,46,76.19,-0.86,5
Flower,soil,PSC1,PSC1_0.5,PSC1_0.5_BP,3,BP,3,1.36,0.67,0.69,3,10,45.24,67.74,14.88,-12.34
Flower,soil,PSC1,PSC1_0.5,PSC1_0.5_BP,3,BP,4,1.83,0.46,1.37,7,10,43.09,54.7,19.04,-16.5
Flower,soil,PSC1,PSC1_0.5,PSC1_0.5_BP,3,BP,5,1.9,0.33,1.57,10,12,40.08,76.81,4.74,-0.92
Flower,soil,PSC1,PSC1_0.5,PSC1_0.5_BP,3,BP,6,2.47,0.61,1.86,8,10,42.62,76.17,4.96,-2.79
Flower,soil,PSC1,PSC1_1.0,PSC1_1.0_BP,4,BP,1,2.53,0.47,2.06,5,10,40.01,37.75,28.73,-23.57
Flower,soil,PSC1,PSC1_1.0,PSC1_1.0_BP,4,BP,2,3.06,0.63,2.43,8,11,44.29,76.69,7.06,-4.28
Flower,soil,PSC1,PSC1_1.0,PSC1_1.0_BP,4,BP,4,2.24,0.57,1.67,10,13,40.39,90.95,0.54,4.44
Flower,soil,PSC1,PSC1_1.0,PSC1_1.0_BP,4,BP,5,1.92,0.54,1.38,8,12,38.23,67.04,10.88,-7.51
Flower,soil,PSC1,PSC1_1.0,PSC1_1.0_BP,4,BP,6,1.53,0.37,1.16,8,10,41.77,77.3,6.67,-3.7
Flower,soil,PSC1,PSC1_0.0,PSC1_0.0_KW,1,KW,1,3.71,0.61,3.1,7,11,42.98,86.24,-2.15,6.58
Flower,soil,PSC1,PSC1_0.0,PSC1_0.0_KW,1,KW,2,3.9,0.68,3.22,7,13,44.62,90.57,-0.85,3.83
Flower,soil,PSC1,PSC1_0.0,PSC1_0.0_KW,1,KW,3,3.36,0.63,2.73,7,11,42.36,88.46,-0.53,2.58
Flower,soil,PSC1,PSC1_0.0,PSC1_0.0_KW,1,KW,4,3.64,0.47,3.17,7,14,44.06,85.13,-2.29,7.68
Flower,soil,PSC1,PSC1_0.0,PSC1_0.0_KW,1,KW,5,4.54,0.43,4.11,7,11,40.88,90.19,-0.7,3.84
Flower,soil,PSC1,PSC1_0.0,PSC1_0.0_KW,1,KW,6,2.94,0.85,2.09,10,15,41.22,91.9,-0.79,3.35
Flower,soil,PSC1,PSC1_0.3,PSC1_0.3_KW,2,KW,1,3.37,0.5,2.87,12,15,40.65,88.48,-0.07,3.06
Flower,soil,PSC1,PSC1_0.3,PSC1_0.3_KW,2,KW,2,3.25,0.38,2.87,10,14,41.56,90.55,-1.65,6.47
Flower,soil,PSC1,PSC1_0.3,PSC1_0.3_KW,2,KW,3,3.14,0.6,2.54,8,12,40,89.27,-0.32,3.15
Flower,soil,PSC1,PSC1_0.3,PSC1_0.3_KW,2,KW,4,2.29,0.58,1.71,7,10,41.23,89.92,-0.18,2.37
Flower,soil,PSC1,PSC1_0.3,PSC1_0.3_KW,2,KW,5,3.15,0.63,2.52,8,10,44.66,87.59,-0.4,4.19
Flower,soil,PSC1,PSC1_0.3,PSC1_0.3_KW,2,KW,6,3.6,0.85,2.75,8,10,45.98,89.57,-0.02,3.41
Flower,soil,PSC1,PSC1_0.5,PSC1_0.5_KW,3,KW,1,3.47,0.76,2.71,7,12,42.63,93.81,-0.57,4.2
Flower,soil,PSC1,PSC1_0.5,PSC1_0.5_KW,3,KW,2,2.01,0.51,1.5,8,10,44,85.2,-1.75,9.09
Flower,soil,PSC1,PSC1_0.5,PSC1_0.5_KW,3,KW,3,2.72,0.67,2.05,7,13,45.07,85.41,-0.46,2.13
Flower,soil,PSC1,PSC1_0.5,PSC1_0.5_KW,3,KW,4,2.42,0.46,1.96,8,14,43.68,90.11,-2.28,7.27
Flower,soil,PSC1,PSC1_0.5,PSC1_0.5_KW,3,KW,5,2.59,0.63,1.96,5,10,40.99,90.73,-1.38,5.87
Flower,soil,PSC1,PSC1_0.5,PSC1_0.5_KW,3,KW,6,3.22,0.27,2.95,10,11,43.11,90.37,-3.43,10.84
Flower,soil,PSC1,PSC1_1.0,PSC1_1.0_KW,4,KW,1,4.22,0.8,3.42,8,11,44.32,93.95,-0.19,3.17
Flower,soil,PSC1,PSC1_1.0,PSC1_1.0_KW,4,KW,2,3.43,0.73,2.7,8,15,42.11,91.25,-1.26,5.17
Flower,soil,PSC1,PSC1_1.0,PSC1_1.0_KW,4,KW,3,4.11,0.99,3.12,7,13,42.66,90.12,-0.31,3.66
Flower,soil,PSC1,PSC1_1.0,PSC1_1.0_KW,4,KW,4,3.54,0.67,2.87,8,10,43.65,91.77,-0.4,3.43
Flower,soil,PSC1,PSC1_1.0,PSC1_1.0_KW,4,KW,5,2.39,0.79,1.6,7,13,43.69,93.14,-0.74,4.5
Flower,soil,PSC1,PSC1_1.0,PSC1_1.0_KW,4,KW,6,4.05,0.71,3.34,10,14,42,93.96,-0.3,4.01
Flower,Nutrient solution,HSV,NSA1_0.0,NSA1_0.0_AG,1,AG,1,2.6,1.29,1.31,5,10,48.85,80.93,-10.4,18.92
Flower,Nutrient solution,HSV,NSA1_0.0,NSA1_0.0_AG,1,AG,2,2.79,1.34,1.45,5,11,50.79,80.93,-10.4,18.92
Flower,Nutrient solution,HSV,NSA1_0.0,NSA1_0.0_AG,1,AG,3,2.45,1.04,1.41,5,10,51.35,83.37,-11.4,21.17
Flower,Nutrient solution,HSV,NSA1_0.0,NSA1_0.0_AG,1,AG,4,3,1.46,1.54,6,10,52.76,75.38,-13.14,24.48
Flower,Nutrient solution,HSV,NSA1_0.0,NSA1_0.0_AG,1,AG,5,2.72,1.35,1.37,5,11,49.71,59.81,-13.68,24.43
Flower,Nutrient solution,HSV,NSA1_0.0,NSA1_0.0_AG,1,AG,6,2.7,1.06,1.64,15,9,49.97,64.63,-8.78,16.32
Flower,Nutrient solution,HSV,NSA1_0.1,NSA1_0.1_AG,2,AG,1,2.29,1.08,1.21,5,10,46.72,79.96,-13.41,28.18
Flower,Nutrient solution,HSV,NSA1_0.1,NSA1_0.1_AG,2,AG,2,2.71,0.89,1.82,5,10,38.58,75.02,-12.23,24.52
Flower,Nutrient solution,HSV,NSA1_0.1,NSA1_0.1_AG,2,AG,3,2.75,1.31,1.44,10,14,41.74,70.7,-13.11,24.17
Flower,Nutrient solution,HSV,NSA1_0.1,NSA1_0.1_AG,2,AG,4,2.98,1.18,1.8,16,10,43.01,85.66,-9.76,18.06
Flower,Nutrient solution,HSV,NSA1_0.1,NSA1_0.1_AG,2,AG,5,2.19,0.69,1.5,7,10,43.65,75.22,-11.03,21.1
Flower,Nutrient solution,HSV,NSA1_0.1,NSA1_0.1_AG,2,AG,6,2.46,1.13,1.33,8,10,48.9,79.38,-11.41,21.68
Flower,Nutrient solution,HSV,NSA1_0.3,NSA1_0.3_AG,3,AG,1,2.67,1.11,1.56,10,10,44.16,70.23,-10.13,20.41
Flower,Nutrient solution,HSV,NSA1_0.3,NSA1_0.3_AG,3,AG,2,3.01,1.23,1.78,16,11,49.23,84.22,-7.47,14.68
Flower,Nutrient solution,HSV,NSA1_0.3,NSA1_0.3_AG,3,AG,3,2.79,1.03,1.76,12,11,39.61,80.78,-9.8,18.64
Flower,Nutrient solution,HSV,NSA1_0.3,NSA1_0.3_AG,3,AG,4,2.19,0.97,1.22,8,10,39.07,82.84,-7.99,15.32
Flower,Nutrient solution,HSV,NSA1_0.3,NSA1_0.3_AG,3,AG,5,2.18,1.14,1.04,6,10,44.72,76.13,-10.88,19.56
Flower,Nutrient solution,HSV,NSA1_0.3,NSA1_0.3_AG,3,AG,6,2.36,1.1,1.26,10,11,43.81,69.66,-8.35,15.9
Flower,Nutrient solution,HSV,NSA1_0.5,NSA1_0.5_AG,4,AG,1,2.84,0.88,1.96,12,12,49.58,55.04,-13.39,25.07
Flower,Nutrient solution,HSV,NSA1_0.5,NSA1_0.5_AG,4,AG,2,2.64,1.25,1.39,10,12,37.15,75.6,-7.85,13.93
Flower,Nutrient solution,HSV,NSA1_0.5,NSA1_0.5_AG,4,AG,3,2.81,1.06,1.75,5,10,49.82,55,-11.17,20.7
Flower,Nutrient solution,HSV,NSA1_0.5,NSA1_0.5_AG,4,AG,4,2.58,1.58,1,5,10,48.84,76.39,-12.79,23.57
Flower,Nutrient solution,HSV,NSA1_0.5,NSA1_0.5_AG,4,AG,5,2.63,1.24,1.39,5,10,44.4,61.94,-11.36,19.75
Flower,Nutrient solution,HSV,NSA1_0.5,NSA1_0.5_AG,4,AG,6,2.47,1.29,1.18,5,9,49.85,74.37,-9.37,17.59
Flower,Nutrient solution,HSV,NSA1_0.0,NSA1_0.0_KP,1,CP,1,4.34,1.7,2.64,5,17,51.31,79.32,3.63,3.62
Flower,Nutrient solution,HSV,NSA1_0.0,NSA1_0.0_KP,1,CP,2,4.27,1.59,2.68,6,13,52.13,50.87,3.22,6.69
Flower,Nutrient solution,HSV,NSA1_0.0,NSA1_0.0_KP,1,CP,3,3.99,1.27,2.72,7,15,52.39,53.05,1.75,11.96
Flower,Nutrient solution,HSV,NSA1_0.0,NSA1_0.0_KP,1,CP,4,3.23,0.94,2.29,7,11,57.14,72.21,7.16,3.66
Flower,Nutrient solution,HSV,NSA1_0.0,NSA1_0.0_KP,1,CP,5,2.84,1.53,1.31,5,10,48.79,79.79,6.82,3.07
Flower,Nutrient solution,HSV,NSA1_0.0,NSA1_0.0_KP,1,CP,6,3.54,1.27,2.27,5,12,55.22,79.54,3.01,2.28
Flower,Nutrient solution,HSV,NSA1_0.1,NSA1_0.1_KP,2,CP,1,3.56,1.24,2.32,5,16,47.31,78.66,7.17,2.2
Flower,Nutrient solution,HSV,NSA1_0.1,NSA1_0.1_KP,2,CP,2,3.17,1.07,2.1,5,12,53.97,74.56,5.49,3.83
Flower,Nutrient solution,HSV,NSA1_0.1,NSA1_0.1_KP,2,CP,3,3.37,1.37,2,5,12,53.6,83.1,9.73,3.79
Flower,Nutrient solution,HSV,NSA1_0.1,NSA1_0.1_KP,2,CP,4,3.61,1.54,2.07,10,14,47.27,81.2,9.25,4.46
Flower,Nutrient solution,HSV,NSA1_0.1,NSA1_0.1_KP,2,CP,5,2.88,1.42,1.46,6,10,50.18,83.41,5.73,3.86
Flower,Nutrient solution,HSV,NSA1_0.1,NSA1_0.1_KP,2,CP,6,3.38,1.53,1.85,5,13,55.02,85.15,5.11,4.08
Flower,Nutrient solution,HSV,NSA1_0.3,NSA1_0.3_KP,3,CP,1,3.85,1.21,2.64,12,16,51.6,84.68,6.85,3.7
Flower,Nutrient solution,HSV,NSA1_0.3,NSA1_0.3_KP,3,CP,2,3.82,1.44,2.38,8,13,53.11,63.41,4.09,2.69
Flower,Nutrient solution,HSV,NSA1_0.3,NSA1_0.3_KP,3,CP,3,3.25,1.06,2.19,8,15,47.53,81.53,3.78,3.68
Flower,Nutrient solution,HSV,NSA1_0.3,NSA1_0.3_KP,3,CP,4,3.04,1.16,1.88,8,11,48.61,85.41,5.19,4.03
Flower,Nutrient solution,HSV,NSA1_0.3,NSA1_0.3_KP,3,CP,5,4.47,0.58,3.89,7,21,50.14,80.84,3.24,2.35
Flower,Nutrient solution,HSV,NSA1_0.3,NSA1_0.3_KP,3,CP,6,3.91,1.63,2.28,7,12,54.84,78.91,4.21,4.26
Flower,Nutrient solution,HSV,NSA1_0.5,NSA1_0.5_KP,4,CP,1,3.72,1.29,2.43,10,15,45.68,75.68,9.61,2.66
Flower,Nutrient solution,HSV,NSA1_0.5,NSA1_0.5_KP,4,CP,2,3.45,1.19,2.26,12,13,49.68,79.77,10.62,3.32
Flower,Nutrient solution,HSV,NSA1_0.5,NSA1_0.5_KP,4,CP,3,3.34,1.36,1.98,6,15,53.11,79.16,9.06,2.37
Flower,Nutrient solution,HSV,NSA1_0.5,NSA1_0.5_KP,4,CP,4,3.77,1.18,2.59,5,12,55.45,86.7,6.72,4.32
Flower,Nutrient solution,HSV,NSA1_0.5,NSA1_0.5_KP,4,CP,5,4.11,1.07,3.04,6,12,56.35,86.47,8.43,4.42
Flower,Nutrient solution,HSV,NSA1_0.5,NSA1_0.5_KP,4,CP,6,3.88,1.6,2.28,6,13,55.77,80.07,1.93,3.88
Flower,Nutrient solution,HSV,NSA1_0.0,NSA1_0.0_BP,1,BP,1,2.99,1.02,1.97,9,11,46.22,83.48,4.42,-2.17
Flower,Nutrient solution,HSV,NSA1_0.0,NSA1_0.0_BP,1,BP,2,2.35,1.08,1.27,7,10,42.4,66.35,-0.45,2.38
Flower,Nutrient solution,HSV,NSA1_0.0,NSA1_0.0_BP,1,BP,3,2.84,1.29,1.55,9,15,43.1,75.51,0.28,5.52
Flower,Nutrient solution,HSV,NSA1_0.0,NSA1_0.0_BP,1,BP,4,3.01,1.1,1.91,7,11,43.85,70.26,7.7,-4.57
Flower,Nutrient solution,HSV,NSA1_0.0,NSA1_0.0_BP,1,BP,5,3.05,0.91,2.14,7,12,47.97,58.58,9.77,-7.53
Flower,Nutrient solution,HSV,NSA1_0.0,NSA1_0.0_BP,1,BP,6,2.12,0.81,1.31,12,10,43.48,89.09,-0.35,2.18
Flower,Nutrient solution,HSV,NSA1_0.1,NSA1_0.1_BP,2,BP,1,3.72,1.24,2.48,12,18,39.35,32.85,26.28,-21.47
Flower,Nutrient solution,HSV,NSA1_0.1,NSA1_0.1_BP,2,BP,2,3.78,1,2.78,10,16,41.19,63.4,14.37,-12.82
Flower,Nutrient solution,HSV,NSA1_0.1,NSA1_0.1_BP,2,BP,3,3.47,1.23,2.24,8,10,40.98,82.09,0.06,1.18
Flower,Nutrient solution,HSV,NSA1_0.1,NSA1_0.1_BP,2,BP,4,2.77,0.77,2,7,13,40.02,39.41,32.15,-25.77
Flower,Nutrient solution,HSV,NSA1_0.1,NSA1_0.1_BP,2,BP,5,4.28,1.1,3.18,10,19,42.09,72.77,1.07,1.48
Flower,Nutrient solution,HSV,NSA1_0.1,NSA1_0.1_BP,2,BP,6,2.99,1.18,1.81,10,13,41.42,86.83,-0.5,3.16
Flower,Nutrient solution,HSV,NSA1_0.3,NSA1_0.3_BP,3,BP,1,2.88,0.84,2.04,11,10,45.94,73.99,5.46,-3.01
Flower,Nutrient solution,HSV,NSA1_0.3,NSA1_0.3_BP,3,BP,2,3.94,0.77,3.17,7,15,47.01,72.74,5.92,-3.01
Flower,Nutrient solution,HSV,NSA1_0.3,NSA1_0.3_BP,3,BP,3,2.73,0.79,1.94,11,11,41.83,50.38,22.85,-19.63
Flower,Nutrient solution,HSV,NSA1_0.3,NSA1_0.3_BP,3,BP,4,2.75,0.88,1.87,16,10,47.2,85.55,2.53,-0.81
Flower,Nutrient solution,HSV,NSA1_0.3,NSA1_0.3_BP,3,BP,5,4.84,1.57,3.27,16,16,48.42,63.5,13.8,-10.41
Flower,Nutrient solution,HSV,NSA1_0.3,NSA1_0.3_BP,3,BP,6,2.65,0.99,1.66,16,10,44.13,75.77,9.46,-7.06
Flower,Nutrient solution,HSV,NSA1_0.5,NSA1_0.5_BP,4,BP,1,2.93,0.71,2.22,8,10,38.83,69.41,11.36,-9.65
Flower,Nutrient solution,HSV,NSA1_0.5,NSA1_0.5_BP,4,BP,2,2.32,0.95,1.37,8,10,43.33,73.08,8.45,-5.67
Flower,Nutrient solution,HSV,NSA1_0.5,NSA1_0.5_BP,4,BP,3,3.89,0.76,3.13,8,10,49.96,43.15,31.49,-26.81
Flower,Nutrient solution,HSV,NSA1_0.5,NSA1_0.5_BP,4,BP,4,2.91,0.95,1.96,10,15,46.05,67.91,7.71,-5.22
Flower,Nutrient solution,HSV,NSA1_0.5,NSA1_0.5_BP,4,BP,5,3.02,1.67,1.35,10,16,42.16,87.92,0.5,2.51
Flower,Nutrient solution,HSV,NSA1_0.5,NSA1_0.5_BP,4,BP,6,2.77,1.19,1.58,12,10,43.99,87.92,0.5,2.51
Flower,Nutrient solution,HSV,NSA1_0.0,NSA1_0.0_KW,1,KW,1,3.67,1.42,2.25,8,10,48.66,89.14,-0.82,2.72
Flower,Nutrient solution,HSV,NSA1_0.0,NSA1_0.0_KW,1,KW,2,3.92,1.52,2.4,5,15,54.56,91.11,-0.63,3.37
Flower,Nutrient solution,HSV,NSA1_0.0,NSA1_0.0_KW,1,KW,3,3.57,0.66,2.91,8,11,52.01,91.03,-0.57,2.6
Flower,Nutrient solution,HSV,NSA1_0.0,NSA1_0.0_KW,1,KW,4,4.35,1.42,2.93,6,15,45.81,89.91,-0.79,3.43
Flower,Nutrient solution,HSV,NSA1_0.0,NSA1_0.0_KW,1,KW,5,4.73,0.62,4.11,11,15,49.88,90.44,-0.74,3.29
Flower,Nutrient solution,HSV,NSA1_0.0,NSA1_0.0_KW,1,KW,6,4.19,0.84,3.35,8,15,41.63,89.06,-0.79,3.63
Flower,Nutrient solution,HSV,NSA1_0.1,NSA1_0.1_KW,2,KW,1,3.38,1.9,1.48,6,15,45.7,83.31,-0.7,2.92
Flower,Nutrient solution,HSV,NSA1_0.1,NSA1_0.1_KW,2,KW,2,3.86,1.49,2.37,8,10,45.56,68.44,-1.44,3.77
Flower,Nutrient solution,HSV,NSA1_0.1,NSA1_0.1_KW,2,KW,3,3.58,1.24,2.34,5,12,48.17,87.04,-3.11,8.16
Flower,Nutrient solution,HSV,NSA1_0.1,NSA1_0.1_KW,2,KW,4,3.89,1.22,2.67,6,15,48.15,89.41,-0.22,2.08
Flower,Nutrient solution,HSV,NSA1_0.1,NSA1_0.1_KW,2,KW,5,4,1.23,2.77,8,10,46.85,86.06,-1.13,4.23
Flower,Nutrient solution,HSV,NSA1_0.1,NSA1_0.1_KW,2,KW,6,4.43,0.81,3.62,8,15,51.7,84.43,-0.88,3.43
Flower,Nutrient solution,HSV,NSA1_0.3,NSA1_0.3_KW,3,KW,1,3.46,1.42,2.04,8,10,48.379,84.95,-0.54,2.46
Flower,Nutrient solution,HSV,NSA1_0.3,NSA1_0.3_KW,3,KW,2,4.11,0.48,3.63,8,15,43,90.18,-0.43,2.68
Flower,Nutrient solution,HSV,NSA1_0.3,NSA1_0.3_KW,3,KW,3,4.06,1.4,2.66,8,15,39.72,90.16,-0.95,5.29
Flower,Nutrient solution,HSV,NSA1_0.3,NSA1_0.3_KW,3,KW,4,3.14,0.7,2.44,10,10,41,87.4,-0.38,2.13
Flower,Nutrient solution,HSV,NSA1_0.3,NSA1_0.3_KW,3,KW,5,3.98,0.7,3.28,12,15,37.83,90.02,-2.2,5.74
Flower,Nutrient solution,HSV,NSA1_0.3,NSA1_0.3_KW,3,KW,6,3.8,0.52,3.28,8,10,39.05,92.28,-0.81,4.01
Flower,Nutrient solution,HSV,NSA1_0.5,NSA1_0.5_KW,4,KW,1,5.57,0.62,4.95,8,15,48,81.51,-1.8,5.6
Flower,Nutrient solution,HSV,NSA1_0.5,NSA1_0.5_KW,4,KW,2,4.19,0.92,3.27,16,15,36.37,90.63,-0.93,4.21
Flower,Nutrient solution,HSV,NSA1_0.5,NSA1_0.5_KW,4,KW,3,3.53,0.55,2.98,16,10,41.63,72.38,-0.44,2.97
Flower,Nutrient solution,HSV,NSA1_0.5,NSA1_0.5_KW,4,KW,4,3.11,0.57,2.54,8,10,42.74,90.95,-1.26,5.37
Flower,Nutrient solution,HSV,NSA1_0.5,NSA1_0.5_KW,4,KW,5,3.29,0.86,2.43,8,10,44.89,92.84,-0.74,3.48
Flower,Nutrient solution,HSV,NSA1_0.5,NSA1_0.5_KW,4,KW,6,2.92,0.84,2.08,8,10,40.55,78.63,-0.83,3.03
Flower,Nutrient solution,HSR,NSA2_0.0,NSA2_0.0_AG,1,AG,1,3.52,1.94,1.58,10,12,55.63,77.11,-14.83,28.16
Flower,Nutrient solution,HSR,NSA2_0.0,NSA2_0.0_AG,1,AG,2,2.42,1.37,1.05,10,12,52.44,80.02,-14.22,27.86
Flower,Nutrient solution,HSR,NSA2_0.0,NSA2_0.0_AG,1,AG,3,2.15,1.28,0.87,13,10,49.37,80.78,-11.74,23.76
Flower,Nutrient solution,HSR,NSA2_0.0,NSA2_0.0_AG,1,AG,4,2.52,1.42,1.1,8,11,52.56,77.5,-15.31,30.13
Flower,Nutrient solution,HSR,NSA2_0.0,NSA2_0.0_AG,1,AG,5,2.68,1.67,1.01,13,10,58.12,78.47,-16.04,31.24
Flower,Nutrient solution,HSR,NSA2_0.0,NSA2_0.0_AG,1,AG,6,2.37,1.25,1.12,11,10,52.12,80.59,-11.77,23.77
Flower,Nutrient solution,HSR,NSA2_0.1,NSA2_0.1_AG,2,AG,1,3.05,1.64,1.41,11,11,52.46,81.67,-15.78,31.74
Flower,Nutrient solution,HSR,NSA2_0.1,NSA2_0.1_AG,2,AG,2,2.16,1.55,0.61,7,11,54.25,83.53,-15.04,28.51
Flower,Nutrient solution,HSR,NSA2_0.1,NSA2_0.1_AG,2,AG,3,1.79,1.07,0.72,8,10,56.23,83.75,-15.56,29.39
Flower,Nutrient solution,HSR,NSA2_0.1,NSA2_0.1_AG,2,AG,4,2.67,1.47,1.2,13,10,58.62,80.31,-16.52,31.79
Flower,Nutrient solution,HSR,NSA2_0.1,NSA2_0.1_AG,2,AG,5,3.58,3.4,0.18,19,10,55.47,77.81,-14.78,28.73
Flower,Nutrient solution,HSR,NSA2_0.1,NSA2_0.1_AG,2,AG,6,2.34,1.56,0.78,7,12,57.61,80.19,-15.29,28.99
Flower,Nutrient solution,HSR,NSA2_0.3,NSA2_0.3_AG,3,AG,1,2.75,1.77,0.98,13,11,52.15,82.99,-14.16,27.34
Flower,Nutrient solution,HSR,NSA2_0.3,NSA2_0.3_AG,3,AG,2,2.3,1.39,0.91,6,10,51.18,79.5,-15.52,29.4
Flower,Nutrient solution,HSR,NSA2_0.3,NSA2_0.3_AG,3,AG,3,2.41,1.42,0.99,8,10,55.32,75.81,-13.91,26.39
Flower,Nutrient solution,HSR,NSA2_0.3,NSA2_0.3_AG,3,AG,4,1.93,0.88,1.05,5,12,55.75,83.02,-15.54,30.15
Flower,Nutrient solution,HSR,NSA2_0.3,NSA2_0.3_AG,3,AG,5,2.73,1.75,0.98,6,12,57.94,81.88,-13.5,27.64
Flower,Nutrient solution,HSR,NSA2_0.3,NSA2_0.3_AG,3,AG,6,3.62,2.67,0.95,16,10,56.95,79.14,-16.58,31.68
Flower,Nutrient solution,HSR,NSA2_0.5,NSA2_0.5_AG,4,AG,1,2.65,1.85,0.8,13,10,51.46,80.26,-15.7,30.52
Flower,Nutrient solution,HSR,NSA2_0.5,NSA2_0.5_AG,4,AG,2,2.26,1.61,0.65,13,10,54.61,82.52,-15.3,28.83
Flower,Nutrient solution,HSR,NSA2_0.5,NSA2_0.5_AG,4,AG,3,2.27,1.55,0.72,10,12,54.66,80.37,-14.99,28.87
Flower,Nutrient solution,HSR,NSA2_0.5,NSA2_0.5_AG,4,AG,4,2.05,1.47,0.58,10,10,56.43,83.84,-13.51,26.84
Flower,Nutrient solution,HSR,NSA2_0.5,NSA2_0.5_AG,4,AG,5,2.35,1.72,0.63,16,10,51.52,83.77,-13.97,27.03
Flower,Nutrient solution,HSR,NSA2_0.5,NSA2_0.5_AG,4,AG,6,1.94,1.52,0.42,10,10,51.32,79.99,-17.61,32.39
Flower,Nutrient solution,HSR,NSA2_0.0,NSA2_0.0_KP,1,CP,1,3.55,1.46,2.09,8,14,55.9,76.34,5.62,4
Flower,Nutrient solution,HSR,NSA2_0.0,NSA2_0.0_KP,1,CP,2,3.8,0.88,2.92,11,12,59.21,71.54,3.27,2.79
Flower,Nutrient solution,HSR,NSA2_0.0,NSA2_0.0_KP,1,CP,3,3.82,0.93,2.89,6,15,61.32,78.74,5.71,3.73
Flower,Nutrient solution,HSR,NSA2_0.0,NSA2_0.0_KP,1,CP,4,3.14,0.78,2.36,10,12,61.32,84.46,5.73,2.14
Flower,Nutrient solution,HSR,NSA2_0.0,NSA2_0.0_KP,1,CP,5,3.11,0.97,2.14,6,16,51.06,79.28,6.82,1.85
Flower,Nutrient solution,HSR,NSA2_0.0,NSA2_0.0_KP,1,CP,6,2.6,0.82,1.78,10,12,66.18,73.26,5.14,2.12
Flower,Nutrient solution,HSR,NSA2_0.1,NSA2_0.1_KP,2,CP,1,3.53,1.47,2.06,11,13,57.54,80.86,3.68,2.98
Flower,Nutrient solution,HSR,NSA2_0.1,NSA2_0.1_KP,2,CP,2,3.44,1.32,2.12,16,15,41.9,83.78,6.76,7.23
Flower,Nutrient solution,HSR,NSA2_0.1,NSA2_0.1_KP,2,CP,3,3.33,1.71,1.62,11,11,58.14,85.17,3.72,5.7
Flower,Nutrient solution,HSR,NSA2_0.1,NSA2_0.1_KP,2,CP,4,3.5,1.59,1.91,11,13,54.59,83.2,8.96,3.14
Flower,Nutrient solution,HSR,NSA2_0.1,NSA2_0.1_KP,2,CP,5,3.62,2.15,1.47,16,11,57.79,79.92,1.95,7.55
Flower,Nutrient solution,HSR,NSA2_0.1,NSA2_0.1_KP,2,CP,6,3.05,1.89,1.16,11,12,55.81,75.08,8.36,2.2
Flower,Nutrient solution,HSR,NSA2_0.3,NSA2_0.3_KP,3,CP,1,3.08,1.54,1.54,11,12,59.03,80.54,8.32,3.04
Flower,Nutrient solution,HSR,NSA2_0.3,NSA2_0.3_KP,3,CP,2,3.08,1.39,1.69,13,13,56.25,81.53,6.97,1.79
Flower,Nutrient solution,HSR,NSA2_0.3,NSA2_0.3_KP,3,CP,3,2.49,1.23,1.26,13,12,57.19,60.04,4.33,1.9
Flower,Nutrient solution,HSR,NSA2_0.3,NSA2_0.3_KP,3,CP,4,3.05,1.07,1.98,13,13,60.08,84.41,6.46,3.93
Flower,Nutrient solution,HSR,NSA2_0.3,NSA2_0.3_KP,3,CP,5,3.42,1.56,1.86,13,12,59.22,76.02,4.07,3.58
Flower,Nutrient solution,HSR,NSA2_0.3,NSA2_0.3_KP,3,CP,6,3.75,1.77,1.98,11,13,57.26,85.12,3.56,3.92
Flower,Nutrient solution,HSR,NSA2_0.5,NSA2_0.5_KP,4,CP,1,3.63,2.38,1.25,16,12,57.23,78.15,7.54,1.97
Flower,Nutrient solution,HSR,NSA2_0.5,NSA2_0.5_KP,4,CP,2,3.19,1.68,1.51,12,13,59.02,86.38,6.43,2.8
Flower,Nutrient solution,HSR,NSA2_0.5,NSA2_0.5_KP,4,CP,3,2.99,1.8,1.19,16,13,52.9,84.41,4.35,3.09
Flower,Nutrient solution,HSR,NSA2_0.5,NSA2_0.5_KP,4,CP,4,3.22,1.56,1.66,10,10,57.04,79.92,6,3.06
Flower,Nutrient solution,HSR,NSA2_0.5,NSA2_0.5_KP,4,CP,5,3.29,1.85,1.44,11,10,62.33,77.81,7.43,0.9
Flower,Nutrient solution,HSR,NSA2_0.5,NSA2_0.5_KP,4,CP,6,3.09,1.55,1.54,13,12,55.33,80.43,5.42,2.31
Flower,Nutrient solution,HSR,NSA2_0.0,NSA2_0.0_BP,1,BP,1,2.34,1.36,0.98,15,10,44.49,90.52,-1.5,4.92
Flower,Nutrient solution,HSR,NSA2_0.0,NSA2_0.0_BP,1,BP,2,5.57,2.17,3.4,13,11,46.02,87.73,2.06,0.01
Flower,Nutrient solution,HSR,NSA2_0.0,NSA2_0.0_BP,1,BP,3,2.62,1.37,1.25,15,10,50.21,83.31,0.9,0.7
Flower,Nutrient solution,HSR,NSA2_0.0,NSA2_0.0_BP,1,BP,4,2.14,1.05,1.09,15,10,48.02,78.71,3.94,-1.81
Flower,Nutrient solution,HSR,NSA2_0.0,NSA2_0.0_BP,1,BP,5,2.31,1.19,1.12,15,10,49.39,83.81,-0.43,2.16
Flower,Nutrient solution,HSR,NSA2_0.0,NSA2_0.0_BP,1,BP,6,2.32,1.51,0.81,15,10,47.16,86.76,0.15,2.26
Flower,Nutrient solution,HSR,NSA2_0.1,NSA2_0.1_BP,2,BP,1,2.49,1.12,1.37,14,7,46.66,84.01,2.05,-0.22
Flower,Nutrient solution,HSR,NSA2_0.1,NSA2_0.1_BP,2,BP,2,1.24,0.77,0.47,13,10,41.44,88.51,0.06,3.19
Flower,Nutrient solution,HSR,NSA2_0.1,NSA2_0.1_BP,2,BP,3,2.92,1.59,1.33,16,10,49.53,88.2,2.25,-0.28
Flower,Nutrient solution,HSR,NSA2_0.1,NSA2_0.1_BP,2,BP,4,2.6,0.99,1.61,16,10,47.34,83.33,3.29,-0.38
Flower,Nutrient solution,HSR,NSA2_0.1,NSA2_0.1_BP,2,BP,5,2.81,1.82,0.99,16,10,44.6,85.94,1.19,1.59
Flower,Nutrient solution,HSR,NSA2_0.1,NSA2_0.1_BP,2,BP,6,2.65,1.69,0.96,16,10,50.4,76.09,10.27,-8.34
Flower,Nutrient solution,HSR,NSA2_0.3,NSA2_0.3_BP,3,BP,1,2.31,1.03,1.28,14,10,49.8,87.82,0.83,1.98
Flower,Nutrient solution,HSR,NSA2_0.3,NSA2_0.3_BP,3,BP,2,2.93,1.24,1.69,16,10,48.8,86.61,0.59,1.85
Flower,Nutrient solution,HSR,NSA2_0.3,NSA2_0.3_BP,3,BP,3,2.65,1.48,1.17,16,10,45.93,82.24,0.26,2.35
Flower,Nutrient solution,HSR,NSA2_0.3,NSA2_0.3_BP,3,BP,4,2.79,1.18,1.61,16,10,54.02,86.11,0.79,1.54
Flower,Nutrient solution,HSR,NSA2_0.3,NSA2_0.3_BP,3,BP,5,2.45,1,1.45,14,10,51.02,60.71,6.41,-4.2
Flower,Nutrient solution,HSR,NSA2_0.3,NSA2_0.3_BP,3,BP,6,2.57,1.16,1.41,16,10,47.82,75.09,7.13,-6.02
Flower,Nutrient solution,HSR,NSA2_0.5,NSA2_0.5_BP,4,BP,1,2.55,1.12,1.43,16,10,52.65,74.11,-0.19,2.84
Flower,Nutrient solution,HSR,NSA2_0.5,NSA2_0.5_BP,4,BP,2,2.61,1.31,1.3,16,10,46.09,89.2,-0.47,3.16
Flower,Nutrient solution,HSR,NSA2_0.5,NSA2_0.5_BP,4,BP,3,2.59,1.42,1.17,16,10,50.28,84.13,-0.29,3.13
Flower,Nutrient solution,HSR,NSA2_0.5,NSA2_0.5_BP,4,BP,4,2.29,0.82,1.47,16,10,44.26,84.97,0.53,1.99
Flower,Nutrient solution,HSR,NSA2_0.5,NSA2_0.5_BP,4,BP,5,2.85,1.51,1.34,16,10,48.2,79.17,1.3,1.69
Flower,Nutrient solution,HSR,NSA2_0.5,NSA2_0.5_BP,4,BP,6,2.53,1.37,1.16,16,11,47.37,89.35,-0.45,3.76
Flower,Nutrient solution,HSR,NSA2_0.0,NSA2_0.0_KW,1,KW,1,3.04,1.45,1.59,15,10,45.12,92.71,-0.99,3.32
Flower,Nutrient solution,HSR,NSA2_0.0,NSA2_0.0_KW,1,KW,2,3.2,1.68,1.52,6,17,53.88,88.54,-0.63,2.86
Flower,Nutrient solution,HSR,NSA2_0.0,NSA2_0.0_KW,1,KW,3,2.84,1.68,1.16,6,15,49.14,82.91,-0.63,1.61
Flower,Nutrient solution,HSR,NSA2_0.0,NSA2_0.0_KW,1,KW,4,2.04,1.4,0.64,6,15,48.36,88.38,-0.49,1.67
Flower,Nutrient solution,HSR,NSA2_0.0,NSA2_0.0_KW,1,KW,5,3.9,3.05,0.85,15,10,49.43,90.76,-0.54,2.66
Flower,Nutrient solution,HSR,NSA2_0.0,NSA2_0.0_KW,1,KW,6,4.11,2.58,1.53,15,14,50.74,86.15,-0.68,1.73
Flower,Nutrient solution,HSR,NSA2_0.1,NSA2_0.1_KW,2,KW,1,3.96,2.34,1.62,16,14,48.19,87.49,-1.44,3.98
Flower,Nutrient solution,HSR,NSA2_0.1,NSA2_0.1_KW,2,KW,2,4.01,2.25,1.76,16,15,49.22,91.26,-0.6,2.63
Flower,Nutrient solution,HSR,NSA2_0.1,NSA2_0.1_KW,2,KW,3,3.13,1.61,1.52,7,15,50.95,80.77,-0.83,3.43
Flower,Nutrient solution,HSR,NSA2_0.1,NSA2_0.1_KW,2,KW,4,5.16,4.77,0.39,22,21,45.27,87.19,-1.67,6.1
Flower,Nutrient solution,HSR,NSA2_0.1,NSA2_0.1_KW,2,KW,5,3.83,1.85,1.98,19,14,42.78,90.33,-0.57,2.33
Flower,Nutrient solution,HSR,NSA2_0.1,NSA2_0.1_KW,2,KW,6,3.25,2.59,0.66,19,13,43.48,93.81,-1.16,4.38
Flower,Nutrient solution,HSR,NSA2_0.3,NSA2_0.3_KW,3,KW,1,4.35,3.93,0.42,16,10,44.76,80.57,-0.66,3.28
Flower,Nutrient solution,HSR,NSA2_0.3,NSA2_0.3_KW,3,KW,2,3.53,2.17,1.36,16,10,46.45,91.43,-0.54,2.87
Flower,Nutrient solution,HSR,NSA2_0.3,NSA2_0.3_KW,3,KW,3,3.51,1.64,1.87,16,15,46.9,92.2,-0.55,2.95
Flower,Nutrient solution,HSR,NSA2_0.3,NSA2_0.3_KW,3,KW,4,3.34,1.79,1.55,16,10,50.99,92.73,-0.7,3.35
Flower,Nutrient solution,HSR,NSA2_0.3,NSA2_0.3_KW,3,KW,5,3.12,1.88,1.24,12,10,49.25,90.32,-0.72,2.97
Flower,Nutrient solution,HSR,NSA2_0.3,NSA2_0.3_KW,3,KW,6,3.81,1.78,2.03,14,11,54.34,91.23,-0.43,2.94
Flower,Nutrient solution,HSR,NSA2_0.5,NSA2_0.5_KW,4,KW,1,2.95,2.76,0.19,16,11,41.49,74.77,-1.1,3.57
Flower,Nutrient solution,HSR,NSA2_0.5,NSA2_0.5_KW,4,KW,2,3.28,3.23,0.05,22,10,49.78,85.02,-0.36,1.55
Flower,Nutrient solution,HSR,NSA2_0.5,NSA2_0.5_KW,4,KW,3,3.72,2.44,1.28,16,12,50.91,84.95,-0.39,1.59
Flower,Nutrient solution,HSR,NSA2_0.5,NSA2_0.5_KW,4,KW,4,3.76,2.58,1.18,16,10,49.12,89.37,-0.82,3.64
Flower,Nutrient solution,HSR,NSA2_0.5,NSA2_0.5_KW,4,KW,5,3.65,2.65,1,16,10,42.17,84.39,-0.8,3.14
Flower,Nutrient solution,HSR,NSA2_0.5,NSA2_0.5_KW,4,KW,6,3.11,2.95,0.16,22,10,47.07,88.7,-1.45,5.32
Flower,Nutrient solution,NSA3,NSA3_0.0,NSA3_0.0_AG,1,AG,1,3.52,1.94,1.58,3,10,55.63,77.11,-14.83,28.16
Flower,Nutrient solution,NSA3,NSA3_0.0,NSA3_0.0_AG,1,AG,2,2.42,1.37,1.05,8,11,52.44,80.02,-14.22,27.86
Flower,Nutrient solution,NSA3,NSA3_0.0,NSA3_0.0_AG,1,AG,3,2.15,1.28,0.87,11,10,49.37,80.78,-11.74,23.76
Flower,Nutrient solution,NSA3,NSA3_0.0,NSA3_0.0_AG,1,AG,4,2.52,1.42,1.1,9,10,52.56,77.5,-15.31,30.13
Flower,Nutrient solution,NSA3,NSA3_0.0,NSA3_0.0_AG,1,AG,5,2.68,1.67,1.01,10,11,58.12,78.47,-16.04,31.24
Flower,Nutrient solution,NSA3,NSA3_0.1,NSA3_0.1_AG,2,AG,1,2.76,1.27,1.49,13,12,54.42,84.65,-13.25,26.36
Flower,Nutrient solution,NSA3,NSA3_0.1,NSA3_0.1_AG,2,AG,2,3.08,1.29,1.79,14,10,59.94,80.95,-13.51,27.46
Flower,Nutrient solution,NSA3,NSA3_0.1,NSA3_0.1_AG,2,AG,3,2.63,1.14,1.49,13,11,54.99,82.25,-14.24,27.61
Flower,Nutrient solution,NSA3,NSA3_0.1,NSA3_0.1_AG,2,AG,4,2.97,1.51,1.46,14,11,56.65,81.68,-15.08,30.01
Flower,Nutrient solution,NSA3,NSA3_0.1,NSA3_0.1_AG,2,AG,5,3.1,1.79,1.31,16,12,45.39,81,-13.99,27.09
Flower,Nutrient solution,NSA3,NSA3_0.3,NSA3_0.3_AG,3,AG,1,2.82,1.32,1.5,10,12,52.9,81.36,-15.49,29.28
Flower,Nutrient solution,NSA3,NSA3_0.3,NSA3_0.3_AG,3,AG,2,3.02,1.7,1.32,12,10,57.92,81.36,-15.49,29.28
Flower,Nutrient solution,NSA3,NSA3_0.3,NSA3_0.3_AG,3,AG,3,2.9,1.46,1.44,14,12,53.72,77.27,-9.47,19.09
Flower,Nutrient solution,NSA3,NSA3_0.3,NSA3_0.3_AG,3,AG,4,2.98,1.93,1.05,19,11,45.96,80.77,-15.28,28.73
Flower,Nutrient solution,NSA3,NSA3_0.3,NSA3_0.3_AG,3,AG,5,3.09,2.37,0.72,19,10,54.48,78.23,-17.27,32.89
Flower,Nutrient solution,NSA3,NSA3_0.5,NSA3_0.5_AG,4,AG,1,2.28,0.63,1.65,13,11,50.64,77.95,-13.58,25.11
Flower,Nutrient solution,NSA3,NSA3_0.5,NSA3_0.5_AG,4,AG,2,2.88,1.46,1.42,14,10,55.9,77.96,-14.76,28.94
Flower,Nutrient solution,NSA3,NSA3_0.5,NSA3_0.5_AG,4,AG,3,2.51,1.43,1.08,12,10,58.9,80.31,-14.83,29.35
Flower,Nutrient solution,NSA3,NSA3_0.5,NSA3_0.5_AG,4,AG,4,2.8,1.47,1.33,16,12,54.35,79.67,-13.33,26.13
Flower,Nutrient solution,NSA3,NSA3_0.5,NSA3_0.5_AG,4,AG,5,2.75,1.45,1.3,11,12,55.23,80.61,-13.46,26.16
Flower,Nutrient solution,NSA3,NSA3_0.0,NSA3_0.0-KP,1,CP,1,3.55,1.46,2.09,5,17,55.9,76.34,5.62,4
Flower,Nutrient solution,NSA3,NSA3_0.0,NSA3_0.0-KP,1,CP,2,3.8,0.88,2.92,3,13,59.21,71.54,3.27,2.79
Flower,Nutrient solution,NSA3,NSA3_0.0,NSA3_0.0-KP,1,CP,3,3.82,0.93,2.89,7,15,61.32,78.74,5.71,3.73
Flower,Nutrient solution,NSA3,NSA3_0.0,NSA3_0.0-KP,1,CP,4,3.14,0.78,2.36,7,11,61.32,84.46,5.73,2.14
Flower,Nutrient solution,NSA3,NSA3_0.0,NSA3_0.0-KP,1,CP,5,3.11,0.97,2.14,10,10,51.06,79.28,6.82,1.85
Flower,Nutrient solution,NSA3,NSA3_0.1,NSA3_0.1-KP,2,CP,1,3.74,1.62,2.12,11,14,61.94,70.19,5.53,1.23
Flower,Nutrient solution,NSA3,NSA3_0.1,NSA3_0.1-KP,2,CP,2,2.98,1.3,1.68,11,11,55.54,79.65,5.28,2.32
Flower,Nutrient solution,NSA3,NSA3_0.1,NSA3_0.1-KP,2,CP,3,4.11,2.22,1.89,13,14,58.35,81.28,5.29,3.02
Flower,Nutrient solution,NSA3,NSA3_0.1,NSA3_0.1-KP,2,CP,4,2.32,1,1.32,8,14,60.9,79.54,6.1,1.65
Flower,Nutrient solution,NSA3,NSA3_0.1,NSA3_0.1-KP,2,CP,5,2.11,0.8,1.31,8,12,60.85,80.78,5.58,2.65
Flower,Nutrient solution,NSA3,NSA3_0.3,NSA3_0.3-KP,3,CP,1,3.07,1.66,1.41,13,11,58.08,86.11,3.46,4.3
Flower,Nutrient solution,NSA3,NSA3_0.3,NSA3_0.3-KP,3,CP,2,2.88,1.26,1.62,13,14,54.59,80.54,1.76,3.4
Flower,Nutrient solution,NSA3,NSA3_0.3,NSA3_0.3-KP,3,CP,3,3.15,1.13,2.02,13,13,53.87,83.18,2.81,3.32
Flower,Nutrient solution,NSA3,NSA3_0.3,NSA3_0.3-KP,3,CP,4,2.66,0.82,1.84,11,14,50.75,69.16,2.74,3.01
Flower,Nutrient solution,NSA3,NSA3_0.3,NSA3_0.3-KP,3,CP,5,3.3,0.91,2.39,11,13,57.61,83.38,4.73,2.68
Flower,Nutrient solution,NSA3,NSA3_0.5,NSA3_0.5-KP,4,CP,1,3.42,1.44,1.98,11,13,59.74,80.58,4.53,2.88
Flower,Nutrient solution,NSA3,NSA3_0.5,NSA3_0.5-KP,4,CP,2,4,2.21,1.79,13,14,59.73,80.15,5.04,2.83
Flower,Nutrient solution,NSA3,NSA3_0.5,NSA3_0.5-KP,4,CP,3,3.66,1.58,2.08,11,14,60.62,81.59,8.86,1.45
Flower,Nutrient solution,NSA3,NSA3_0.5,NSA3_0.5-KP,4,CP,4,2.35,0.9,1.45,8,14,60.6,84.22,8.28,2.33
Flower,Nutrient solution,NSA3,NSA3_0.5,NSA3_0.5-KP,4,CP,5,3.56,1.42,2.14,11,12,60.02,78.99,6.8,2.95
Flower,Nutrient solution,NSA3,NSA3_0.0,NSA3_0.0_BP,1,KW,1,2.34,1.36,0.98,8,11,44.49,91.32,-1.83,5.82
Flower,Nutrient solution,NSA3,NSA3_0.0,NSA3_0.0_BP,1,KW,2,2.57,2.17,0.4,10,10,46.02,88.35,1.95,0.14
Flower,Nutrient solution,NSA3,NSA3_0.0,NSA3_0.0_BP,1,KW,3,2.62,1.37,1.25,10,15,50.21,83.11,0.89,0.72
Flower,Nutrient solution,NSA3,NSA3_0.0,NSA3_0.0_BP,1,KW,4,2.14,1.05,1.09,10,11,48.02,83.3,3.98,-1.24
Flower,Nutrient solution,NSA3,NSA3_0.0,NSA3_0.0_BP,1,KW,5,2.31,1.19,1.12,8,12,49.39,85.78,-0.51,2.25
Flower,Nutrient solution,NSA3,NSA3_0.1,NSA3_0.1_BP,2,BP,1,1.92,0.73,1.19,12,10,49.34,87.76,2.65,-0.41
Flower,Nutrient solution,NSA3,NSA3_0.1,NSA3_0.1_BP,2,BP,2,2.42,0.73,1.69,13,10,43.58,89.23,2.38,1.08
Flower,Nutrient solution,NSA3,NSA3_0.1,NSA3_0.1_BP,2,BP,3,1.95,0.74,1.21,13,10,47.76,85.01,1.44,0.87
Flower,Nutrient solution,NSA3,NSA3_0.1,NSA3_0.1_BP,2,BP,4,2.69,0.95,1.74,20,10,49.01,84.51,1.02,1.01
Flower,Nutrient solution,NSA3,NSA3_0.1,NSA3_0.1_BP,2,BP,5,3.07,0.96,2.11,14,9,49.17,80.23,5.97,-4.22
Flower,Nutrient solution,NSA3,NSA3_0.3,NSA3_0.3_BP,3,BP,1,2.37,0.79,1.58,14,10,54.87,84.05,0.77,1.23
Flower,Nutrient solution,NSA3,NSA3_0.3,NSA3_0.3_BP,3,BP,2,2.35,0.57,1.78,16,10,50.6,85.36,2.1,0.35
Flower,Nutrient solution,NSA3,NSA3_0.3,NSA3_0.3_BP,3,BP,3,2.67,0.98,1.69,16,10,50.99,82.6,3.76,-1.28
Flower,Nutrient solution,NSA3,NSA3_0.3,NSA3_0.3_BP,3,BP,4,2.32,0.79,1.53,16,10,49.6,87.01,0.65,1.86
Flower,Nutrient solution,NSA3,NSA3_0.3,NSA3_0.3_BP,3,BP,5,2.9,1.12,1.78,20,10,48.14,92.02,-0.01,3.45
Flower,Nutrient solution,NSA3,NSA3_0.5,NSA3_0.5_BP,4,BP,1,2.6,0.98,1.62,16,10,54.02,87.47,2.08,-0.35
Flower,Nutrient solution,NSA3,NSA3_0.5,NSA3_0.5_BP,4,BP,2,2.18,1.05,1.13,16,10,50.66,80.68,2.96,-0.12
Flower,Nutrient solution,NSA3,NSA3_0.5,NSA3_0.5_BP,4,BP,3,2.96,1.12,1.84,15,10,51.51,79.83,8,-6.35
Flower,Nutrient solution,NSA3,NSA3_0.5,NSA3_0.5_BP,4,BP,4,2.66,1.08,1.58,16,10,49.03,81.67,5.96,-4.09
Flower,Nutrient solution,NSA3,NSA3_0.5,NSA3_0.5_BP,4,BP,5,2.45,1.04,1.41,15,10,48.69,84.06,5.63,-3
Flower,Nutrient solution,NSA3,NSA3_0.0,NSA3_0.0_KW,1,KW,1,3.04,1.45,1.59,7,10,45.12,92.71,-0.99,3.32
Flower,Nutrient solution,NSA3,NSA3_0.0,NSA3_0.0_KW,1,KW,2,3.2,1.68,1.52,7,15,53.88,88.54,-0.63,2.86
Flower,Nutrient solution,NSA3,NSA3_0.0,NSA3_0.0_KW,1,KW,3,2.84,1.68,1.16,7,11,49.14,82.91,-0.63,1.61
Flower,Nutrient solution,NSA3,NSA3_0.0,NSA3_0.0_KW,1,KW,4,2.04,1.4,0.64,7,15,48.36,88.38,-0.49,1.67
Flower,Nutrient solution,NSA3,NSA3_0.0,NSA3_0.0_KW,1,KW,5,3.9,3.05,0.85,7,15,49.43,90.76,-0.54,2.66
Flower,Nutrient solution,NSA3,NSA3_0.1,NSA3_0.1_KW,2,KW,1,2.32,1.27,1.05,8,11,45.75,86.82,-0.39,2.65
Flower,Nutrient solution,NSA3,NSA3_0.1,NSA3_0.1_KW,2,KW,2,3.22,1.65,1.57,20,11,43.66,89.57,-0.9,3.79
Flower,Nutrient solution,NSA3,NSA3_0.1,NSA3_0.1_KW,2,KW,3,3.17,2.38,0.79,20,11,47.5,87.13,-0.38,1.84
Flower,Nutrient solution,NSA3,NSA3_0.1,NSA3_0.1_KW,2,KW,4,3.6,1.1,2.5,10,12,49.9,86.15,-0.81,4.17
Flower,Nutrient solution,NSA3,NSA3_0.1,NSA3_0.1_KW,2,KW,5,3.6,2.12,1.48,20,10,45.55,85.45,-1.18,4.55
Flower,Nutrient solution,NSA3,NSA3_0.3,NSA3_0.3_KW,3,KW,1,2.82,0.85,1.97,14,10,45.51,91.77,-0.73,3.54
Flower,Nutrient solution,NSA3,NSA3_0.3,NSA3_0.3_KW,3,KW,2,2.25,0.66,1.59,8,10,46.65,86.56,-0.5,2.56
Flower,Nutrient solution,NSA3,NSA3_0.3,NSA3_0.3_KW,3,KW,3,2.54,0.75,1.79,14,11,48.03,90.79,-0.53,2.28
Flower,Nutrient solution,NSA3,NSA3_0.3,NSA3_0.3_KW,3,KW,4,3.8,2.43,1.37,20,10,46.62,83.96,-0.55,3.16
Flower,Nutrient solution,NSA3,NSA3_0.3,NSA3_0.3_KW,3,KW,5,4.31,1.33,2.98,12,12,49.65,87.48,-0.6,2.11
Flower,Nutrient solution,NSA3,NSA3_0.5,NSA3_0.5_KW,4,KW,1,3.63,2.16,1.47,20,10,54.28,87.9,-0.27,2.65
Flower,Nutrient solution,NSA3,NSA3_0.5,NSA3_0.5_KW,4,KW,2,3.15,1.7,1.45,16,10,50.23,86.94,-0.28,1.57
Flower,Nutrient solution,NSA3,NSA3_0.5,NSA3_0.5_KW,4,KW,3,3.84,1.92,1.92,8,15,52.47,89.17,-0.81,3.27
Flower,Nutrient solution,NSA3,NSA3_0.5,NSA3_0.5_KW,4,KW,4,4.78,3.84,0.94,20,15,49.47,91.34,-0.8,4.42
Flower,Nutrient solution,NSA3,NSA3_0.5,NSA3_0.5_KW,4,KW,5,3.7,1.79,1.91,16,15,47.59,93.03,-0.44,3.04
Flower,Nutrient solution,NSC1,NSC1_0.0,NSC1_0.0_AG,1,AG,1,2.6,1.29,1.31,5,10,48.85,80.93,-10.4,18.92
Flower,Nutrient solution,NSC1,NSC1_0.0,NSC1_0.0_AG,1,AG,2,2.79,1.34,1.45,5,11,50.79,80.93,-10.4,18.92
Flower,Nutrient solution,NSC1,NSC1_0.0,NSC1_0.0_AG,1,AG,3,2.45,1.04,1.41,5,10,51.35,83.37,-11.4,21.17
Flower,Nutrient solution,NSC1,NSC1_0.0,NSC1_0.0_AG,1,AG,4,3,1.46,1.54,6,10,52.76,75.38,-13.14,24.48
Flower,Nutrient solution,NSC1,NSC1_0.0,NSC1_0.0_AG,1,AG,5,2.72,1.35,1.37,5,11,49.71,68.15,-13.91,24.91
Flower,Nutrient solution,NSC1,NSC1_0.0,NSC1_0.0_AG,1,AG,6,2.7,1.06,1.64,15,9,49.97,57.83,-9.18,17.15
Flower,Nutrient solution,NSC1,NSC1_0.3,NSC1_0.3_AG,2,AG,1,3.05,1.04,2.01,5,11,50.91,82.05,-5.96,12.87
Flower,Nutrient solution,NSC1,NSC1_0.3,NSC1_0.3_AG,2,AG,2,2.32,1.19,1.13,12,10,44.72,77.86,-11.17,22.13
Flower,Nutrient solution,NSC1,NSC1_0.3,NSC1_0.3_AG,2,AG,3,2.5,1.61,0.89,12,10,49.02,67.01,-11.02,21.1
Flower,Nutrient solution,NSC1,NSC1_0.3,NSC1_0.3_AG,2,AG,4,2.91,1.33,1.58,15,11,50.54,78.68,-5.5,12.64
Flower,Nutrient solution,NSC1,NSC1_0.3,NSC1_0.3_AG,2,AG,5,2.95,0.84,2.11,7,10,52.44,58.36,-9.03,17.31
Flower,Nutrient solution,NSC1,NSC1_0.3,NSC1_0.3_AG,2,AG,6,2.78,1.42,1.36,6,12,44.78,67.01,-11.02,21.1
Flower,Nutrient solution,NSC1,NSC1_0.5,NSC1_0.5_AG,3,AG,1,3.26,1.38,1.88,9,10,48.97,84.23,-6.21,12.82
Flower,Nutrient solution,NSC1,NSC1_0.5,NSC1_0.5_AG,3,AG,2,2.9,0.72,2.18,8,12,44.87,74.29,-8.81,17.9
Flower,Nutrient solution,NSC1,NSC1_0.5,NSC1_0.5_AG,3,AG,3,3.04,1.44,1.6,15,11,49.65,86.99,-5.42,12.42
Flower,Nutrient solution,NSC1,NSC1_0.5,NSC1_0.5_AG,3,AG,4,3.01,1.44,1.57,12,10,48.86,69.36,-12.57,24.82
Flower,Nutrient solution,NSC1,NSC1_0.5,NSC1_0.5_AG,3,AG,5,3.43,1.61,1.82,12,10,47.34,74.5,-8.34,16.75
Flower,Nutrient solution,NSC1,NSC1_0.5,NSC1_0.5_AG,3,AG,6,3.13,1.44,1.69,7,11,50.86,73.29,-9.01,18.02
Flower,Nutrient solution,NSC1,NSC1_1.0,NSC1_1.0_AG,4,AG,1,2.54,1.33,1.21,6,12,47.83,85.23,-10.11,20.8
Flower,Nutrient solution,NSC1,NSC1_1.0,NSC1_1.0_AG,4,AG,2,3.02,0.96,2.06,12,11,44.61,76.33,-12.48,23.81
Flower,Nutrient solution,NSC1,NSC1_1.0,NSC1_1.0_AG,4,AG,3,3.36,0.41,2.95,7,11,52.91,74.58,-7.11,14.86
Flower,Nutrient solution,NSC1,NSC1_1.0,NSC1_1.0_AG,4,AG,4,2.62,0.89,1.73,6,11,49.41,84.97,-9.08,20.14
Flower,Nutrient solution,NSC1,NSC1_1.0,NSC1_1.0_AG,4,AG,5,3.19,1.44,1.75,8,12,51.04,85.62,-7.09,14.54
Flower,Nutrient solution,NSC1,NSC1_1.0,NSC1_1.0_AG,4,AG,6,3.31,1.37,1.94,15,10,48.74,84.97,-9.08,20.14
Flower,Nutrient solution,NSC1,NSC1_0.0,NSC1_0.0_KP,1,CP,1,4.34,1.7,2.64,5,17,51.34,79.32,3.63,3.62
Flower,Nutrient solution,NSC1,NSC1_0.0,NSC1_0.0_KP,1,CP,2,4.27,1.59,2.68,6,13,52.13,50.87,3.22,6.69
Flower,Nutrient solution,NSC1,NSC1_0.0,NSC1_0.0_KP,1,CP,3,3.99,1.27,2.72,8,15,52.39,53.05,1.75,11.96
Flower,Nutrient solution,NSC1,NSC1_0.0,NSC1_0.0_KP,1,CP,4,3.23,0.94,2.29,8,11,57.14,72.21,7.16,3.66
Flower,Nutrient solution,NSC1,NSC1_0.0,NSC1_0.0_KP,1,CP,5,2.84,1.53,1.31,5,10,48.79,79.79,6.82,3.07
Flower,Nutrient solution,NSC1,NSC1_0.0,NSC1_0.0_KP,1,CP,6,3.54,1.27,2.27,5,12,55.22,79.54,3.01,2.28
Flower,Nutrient solution,NSC1,NSC1_0.3,NSC1_0.3_KP,2,CP,1,2.97,1.55,1.42,5,10,50.06,73.29,7.74,3.76
Flower,Nutrient solution,NSC1,NSC1_0.3,NSC1_0.3_KP,2,CP,2,3.25,1.23,2.02,6,11,45.67,80.98,5.38,3.99
Flower,Nutrient solution,NSC1,NSC1_0.3,NSC1_0.3_KP,2,CP,3,3.03,1.56,1.47,4,7,57.09,80.98,5.38,3.99
Flower,Nutrient solution,NSC1,NSC1_0.3,NSC1_0.3_KP,2,CP,4,3.48,0.72,2.76,5,13,50.47,63.38,6.68,3.96
Flower,Nutrient solution,NSC1,NSC1_0.3,NSC1_0.3_KP,2,CP,5,3.98,1.47,2.51,6,14,51.37,84.89,6.64,2.98
Flower,Nutrient solution,NSC1,NSC1_0.3,NSC1_0.3_KP,2,CP,6,3.64,0.69,2.95,6,12,50.85,77.07,8.18,4.56
Flower,Nutrient solution,NSC1,NSC1_0.5,NSC1_0.5_KP,3,CP,1,4.28,1.52,2.76,6,15,52.15,81.41,6.01,2.26
Flower,Nutrient solution,NSC1,NSC1_0.5,NSC1_0.5_KP,3,CP,2,4.23,0.83,3.4,6,13,54.55,82.16,8.8,1.28
Flower,Nutrient solution,NSC1,NSC1_0.5,NSC1_0.5_KP,3,CP,3,4.39,1.39,3,6,17,54.67,56.79,7.72,3.51
Flower,Nutrient solution,NSC1,NSC1_0.5,NSC1_0.5_KP,3,CP,4,3.77,1.26,2.51,14,14,48.92,72.3,5.16,6.18
Flower,Nutrient solution,NSC1,NSC1_0.5,NSC1_0.5_KP,3,CP,5,3.22,1.14,2.08,6,11,52.39,64.33,8.31,3.56
Flower,Nutrient solution,NSC1,NSC1_0.5,NSC1_0.5_KP,3,CP,6,4.32,1.02,3.3,12,13,51.05,52.01,4.78,1.98
Flower,Nutrient solution,NSC1,NSC1_1.0,NSC1_1.0_KP,4,CP,1,4.07,1.24,2.83,8,14,54.54,86.67,6.43,4.53
Flower,Nutrient solution,NSC1,NSC1_1.0,NSC1_1.0_KP,4,CP,2,3.62,0.63,2.99,10,14,48.88,78.67,3.81,2.56
Flower,Nutrient solution,NSC1,NSC1_1.0,NSC1_1.0_KP,4,CP,3,3.61,1.36,2.25,8,13,54.2,84.16,6.78,2.77
Flower,Nutrient solution,NSC1,NSC1_1.0,NSC1_1.0_KP,4,CP,4,3.49,1.38,2.11,8,10,51.03,78.89,6.22,4.1
Flower,Nutrient solution,NSC1,NSC1_1.0,NSC1_1.0_KP,4,CP,5,3.58,0.89,2.69,8,12,52.15,85.71,6.42,4.63
Flower,Nutrient solution,NSC1,NSC1_1.0,NSC1_1.0_KP,4,CP,6,3.75,1.43,2.32,12,14,53.32,83.43,7.51,2.56
Flower,Nutrient solution,NSC1,NSC1_0.0,NSC1_0.0_BP,1,BP,1,2.99,1.02,1.97,9,11,46.22,83.48,4.42,-2.17
Flower,Nutrient solution,NSC1,NSC1_0.0,NSC1_0.0_BP,1,BP,2,2.35,1.08,1.27,7,10,42.4,66.35,-0.45,2.38
Flower,Nutrient solution,NSC1,NSC1_0.0,NSC1_0.0_BP,1,BP,3,2.84,1.29,1.55,9,15,43.1,75.51,0.28,5.52
Flower,Nutrient solution,NSC1,NSC1_0.0,NSC1_0.0_BP,1,BP,4,3.01,1.1,1.91,7,11,43.85,70.26,7.7,-4.57
Flower,Nutrient solution,NSC1,NSC1_0.0,NSC1_0.0_BP,1,BP,5,3.05,0.91,2.14,7,12,47.97,58.58,9.77,-7.53
Flower,Nutrient solution,NSC1,NSC1_0.0,NSC1_0.0_BP,1,BP,6,2.12,0.81,1.31,12,10,43.48,89.66,-0.34,2.4
Flower,Nutrient solution,NSC1,NSC1_0.3,NSC1_0.3_BP,2,BP,1,3.18,0.94,2.24,15,10,46.68,84.5,1.32,0.76
Flower,Nutrient solution,NSC1,NSC1_0.3,NSC1_0.3_BP,2,BP,2,3.19,0.45,2.74,15,14,41.46,34.34,30.06,-23.55
Flower,Nutrient solution,NSC1,NSC1_0.3,NSC1_0.3_BP,2,BP,3,3.14,0.91,2.23,15,12,41.95,52.37,10.97,-7.6
Flower,Nutrient solution,NSC1,NSC1_0.3,NSC1_0.3_BP,2,BP,4,2.49,0.9,1.59,15,10,42.66,52.99,18.68,-14.33
Flower,Nutrient solution,NSC1,NSC1_0.3,NSC1_0.3_BP,2,BP,5,2.45,0.85,1.6,14,12,39.08,70.29,8.9,-7.02
Flower,Nutrient solution,NSC1,NSC1_0.3,NSC1_0.3_BP,2,BP,6,2.25,1.15,1.1,15,10,41.04,46.21,23.26,-19.2
Flower,Nutrient solution,NSC1,NSC1_0.5,NSC1_0.5_BP,3,BP,1,2.58,1.03,1.55,13,11,46.04,52.17,22.03,-17.08
Flower,Nutrient solution,NSC1,NSC1_0.5,NSC1_0.5_BP,3,BP,2,3.47,1.32,2.15,16,10,45.31,28.9,34.85,-26.06
Flower,Nutrient solution,NSC1,NSC1_0.5,NSC1_0.5_BP,3,BP,3,2.66,1.02,1.64,12,10,46.69,55.88,17.67,-14.36
Flower,Nutrient solution,NSC1,NSC1_0.5,NSC1_0.5_BP,3,BP,4,2.09,0.76,1.33,10,10,41.39,81.44,1.87,-0.16
Flower,Nutrient solution,NSC1,NSC1_0.5,NSC1_0.5_BP,3,BP,5,2.3,0.73,1.57,13,10,42.16,81.44,1.87,-0.16
Flower,Nutrient solution,NSC1,NSC1_0.5,NSC1_0.5_BP,3,BP,6,3.45,1.15,2.3,16,10,43.26,71.4,5.08,-2.35
Flower,Nutrient solution,NSC1,NSC1_1.0,NSC1_1.0_BP,4,BP,1,2.18,1.29,0.89,10,11,39.42,82.47,0.93,1.22
Flower,Nutrient solution,NSC1,NSC1_1.0,NSC1_1.0_BP,4,BP,2,2.8,0.93,1.87,15,10,45.52,80.69,1.63,0.71
Flower,Nutrient solution,NSC1,NSC1_1.0,NSC1_1.0_BP,4,BP,3,3.26,1.27,1.99,15,10,47,81.18,-0.15,1.77
Flower,Nutrient solution,NSC1,NSC1_1.0,NSC1_1.0_BP,4,BP,4,2,0.98,1.02,10,10,42.94,42.73,28.48,-22.76
Flower,Nutrient solution,NSC1,NSC1_1.0,NSC1_1.0_BP,4,BP,5,2.12,0.96,1.16,10,12,37.82,41.31,18.67,-14.55
Flower,Nutrient solution,NSC1,NSC1_1.0,NSC1_1.0_BP,4,BP,6,2.69,1.01,1.68,15,10,42.35,57.2,21.13,-19.37
Flower,Nutrient solution,NSC1,NSC1_0.0,NSC1_0.0_KW,1,KW,1,3.67,1.42,2.25,8,10,48.66,87.88,-0.75,2.25
Flower,Nutrient solution,NSC1,NSC1_0.0,NSC1_0.0_KW,1,KW,2,3.92,1.52,2.4,5,15,51.56,91.79,-0.49,3.34
Flower,Nutrient solution,NSC1,NSC1_0.0,NSC1_0.0_KW,1,KW,3,3.57,0.66,2.91,8,11,52.01,90.58,-0.5,2.51
Flower,Nutrient solution,NSC1,NSC1_0.0,NSC1_0.0_KW,1,KW,4,4.35,1.42,2.93,6,15,45.81,87.11,-0.61,2.56
Flower,Nutrient solution,NSC1,NSC1_0.0,NSC1_0.0_KW,1,KW,5,4.73,0.62,4.11,11,15,49.88,90.23,-0.71,3.26
Flower,Nutrient solution,NSC1,NSC1_0.0,NSC1_0.0_KW,1,KW,6,4.19,0.84,3.35,8,15,41.63,90.46,-0.73,3.8
Flower,Nutrient solution,NSC1,NSC1_0.3,NSC1_0.3_KW,2,KW,1,4.28,0.73,3.55,12,15,41,90.24,-2.29,8.21
Flower,Nutrient solution,NSC1,NSC1_0.3,NSC1_0.3_KW,2,KW,2,5.11,0.68,4.43,9,15,37.76,88.61,-0.2,3.45
Flower,Nutrient solution,NSC1,NSC1_0.3,NSC1_0.3_KW,2,KW,3,1.09,0.73,0.36,12,13,40.89,89.88,-2.66,7.8
Flower,Nutrient solution,NSC1,NSC1_0.3,NSC1_0.3_KW,2,KW,4,3.87,0.5,3.37,15,13,42.47,89.15,-0.41,3.41
Flower,Nutrient solution,NSC1,NSC1_0.3,NSC1_0.3_KW,2,KW,5,3.28,0.62,2.66,9,10,42.72,90.24,-0.54,3.6
Flower,Nutrient solution,NSC1,NSC1_0.3,NSC1_0.3_KW,2,KW,6,3.71,0.74,2.97,9,10,46.69,89.54,-0.18,2.06
Flower,Nutrient solution,NSC1,NSC1_0.5,NSC1_0.5_KW,3,KW,1,3.42,1.42,2,8,15,43.98,87.74,-0.81,4.05
Flower,Nutrient solution,NSC1,NSC1_0.5,NSC1_0.5_KW,3,KW,2,3.53,0.61,2.92,12,10,45.17,90.93,-0.58,4.42
Flower,Nutrient solution,NSC1,NSC1_0.5,NSC1_0.5_KW,3,KW,3,3.75,0.6,3.15,7,15,45.7,88.94,-0.42,3.2
Flower,Nutrient solution,NSC1,NSC1_0.5,NSC1_0.5_KW,3,KW,4,3.74,0.92,2.82,12,14,40.76,92.69,-1,5.29
Flower,Nutrient solution,NSC1,NSC1_0.5,NSC1_0.5_KW,3,KW,5,3.71,0.78,2.93,16,10,41.95,90.61,-0.61,4.2
Flower,Nutrient solution,NSC1,NSC1_0.5,NSC1_0.5_KW,3,KW,6,3.26,0.67,2.59,9,10,44.45,87.29,-1.13,4.34
Flower,Nutrient solution,NSC1,NSC1_1.0,NSC1_1.0_KW,4,KW,1,4.09,1.51,2.58,7,14,45.99,91.06,-2.08,6.83
Flower,Nutrient solution,NSC1,NSC1_1.0,NSC1_1.0_KW,4,KW,2,4.22,2.1,2.12,8,15,39.42,90.28,-1.45,6.19
Flower,Nutrient solution,NSC1,NSC1_1.0,NSC1_1.0_KW,4,KW,3,4.55,1.41,3.14,12,15,37.31,88.52,-1.39,6.8
Flower,Nutrient solution,NSC1,NSC1_1.0,NSC1_1.0_KW,4,KW,4,3.39,1.54,1.85,7,15,38.76,91.6,-3.05,9.36
Flower,Nutrient solution,NSC1,NSC1_1.0,NSC1_1.0_KW,4,KW,5,3.41,1.33,2.08,12,10,42.7,81.57,-0.55,2.82
Flower,Nutrient solution,NSC1,NSC1_1.0,NSC1_1.0_KW,4,KW,6,3.38,1.69,1.69,12,12,41.9,47.22,-1.83,5.2
Flower,Nutrient solution,NSC2,NSC2_0.0,NSC2_0.0_AG,1,AG,1,3.52,1.94,1.58,10,12,55.63,77.11,-14.83,28.16
Flower,Nutrient solution,NSC2,NSC2_0.0,NSC2_0.0_AG,1,AG,2,2.42,1.37,1.05,10,12,52.44,80.02,-14.22,27.86
Flower,Nutrient solution,NSC2,NSC2_0.0,NSC2_0.0_AG,1,AG,3,2.15,1.28,0.87,13,10,49.37,80.78,-11.74,23.76
Flower,Nutrient solution,NSC2,NSC2_0.0,NSC2_0.0_AG,1,AG,4,2.52,1.42,1.1,8,11,52.56,77.5,-15.31,30.13
Flower,Nutrient solution,NSC2,NSC2_0.0,NSC2_0.0_AG,1,AG,5,2.68,1.67,1.01,13,10,58.12,78.47,-16.04,31.24
Flower,Nutrient solution,NSC2,NSC2_0.0,NSC2_0.0_AG,1,AG,6,2.37,1.25,1.12,11,10,52.12,80.59,-11.77,23.77
Flower,Nutrient solution,NSC2,NSC2_0.3,NSC2_0.3_AG,2,AG,1,2.53,1.31,1.22,14,12,55.96,84.5,-15.5,30.59
Flower,Nutrient solution,NSC2,NSC2_0.3,NSC2_0.3_AG,2,AG,2,2.8,2.06,0.74,16,11,51.54,82.66,-14.79,29.1
Flower,Nutrient solution,NSC2,NSC2_0.3,NSC2_0.3_AG,2,AG,3,3.48,3.05,0.43,19,12,55.56,78.62,-12.31,24.04
Flower,Nutrient solution,NSC2,NSC2_0.3,NSC2_0.3_AG,2,AG,4,2.41,1.31,1.1,13,10,57.46,78.61,-14.55,28.88
Flower,Nutrient solution,NSC2,NSC2_0.3,NSC2_0.3_AG,2,AG,5,3.1,1.98,1.12,16,12,55.73,79.82,-12.48,25.09
Flower,Nutrient solution,NSC2,NSC2_0.3,NSC2_0.3_AG,2,AG,6,2.42,1.77,0.65,13,18,58.19,83.55,-15.69,32.75
Flower,Nutrient solution,NSC2,NSC2_0.5,NSC2_0.5_AG,3,AG,1,2.85,1.73,1.12,12,11,54.91,77.17,-15.77,30.58
Flower,Nutrient solution,NSC2,NSC2_0.5,NSC2_0.5_AG,3,AG,2,3.09,2.17,0.92,16,13,43.47,75.06,-12.98,25.05
Flower,Nutrient solution,NSC2,NSC2_0.5,NSC2_0.5_AG,3,AG,3,3.08,2.73,0.35,16,12,57.02,84.21,-13.69,29.27
Flower,Nutrient solution,NSC2,NSC2_0.5,NSC2_0.5_AG,3,AG,4,2.81,1.3,1.51,11,12,52.79,79.51,-16,29.77
Flower,Nutrient solution,NSC2,NSC2_0.5,NSC2_0.5_AG,3,AG,5,2.42,1.38,1.04,12,10,53.94,77.37,-15.32,31.29
Flower,Nutrient solution,NSC2,NSC2_0.5,NSC2_0.5_AG,3,AG,6,2.67,1.55,1.12,13,12,53.87,79.35,-16.3,31.39
Flower,Nutrient solution,NSC2,NSC2_1.0,NSC2_1.0_AG,4,AG,1,3.03,1.92,1.11,16,10,55.55,79.67,-15.84,31.62
Flower,Nutrient solution,NSC2,NSC2_1.0,NSC2_1.0_AG,4,AG,2,2.91,2.59,0.32,16,12,53.4,83.5,-14.13,27.28
Flower,Nutrient solution,NSC2,NSC2_1.0,NSC2_1.0_AG,4,AG,3,3.22,2.31,0.91,19,13,54.17,80.89,-15.92,32.02
Flower,Nutrient solution,NSC2,NSC2_1.0,NSC2_1.0_AG,4,AG,4,2.71,1.26,1.45,13,10,56.48,79.49,-16.1,30.69
Flower,Nutrient solution,NSC2,NSC2_1.0,NSC2_1.0_AG,4,AG,5,2.21,1.52,0.69,6,11,56.12,80.87,-16.17,31.88
Flower,Nutrient solution,NSC2,NSC2_1.0,NSC2_1.0_AG,4,AG,6,2.2,1.66,0.54,6,11,57.3,79.14,-16.66,34.38
Flower,Nutrient solution,NSC2,NSC2_0.0,NSC2_0.0_KP,1,CP,1,3.55,1.46,2.09,8,14,55.9,76.34,5.62,4
Flower,Nutrient solution,NSC2,NSC2_0.0,NSC2_0.0_KP,1,CP,2,3.8,0.88,2.92,11,12,59.21,71.54,3.27,2.79
Flower,Nutrient solution,NSC2,NSC2_0.0,NSC2_0.0_KP,1,CP,3,3.82,0.93,2.89,6,15,61.32,78.74,5.71,3.73
Flower,Nutrient solution,NSC2,NSC2_0.0,NSC2_0.0_KP,1,CP,4,3.14,0.78,2.36,10,12,61.32,84.46,5.73,2.14
Flower,Nutrient solution,NSC2,NSC2_0.0,NSC2_0.0_KP,1,CP,5,3.11,0.97,2.14,6,16,51.06,79.28,6.82,1.85
Flower,Nutrient solution,NSC2,NSC2_0.0,NSC2_0.0_KP,1,CP,6,2.6,0.82,1.78,10,12,66.18,73.26,5.14,2.12
Flower,Nutrient solution,NSC2,NSC2_0.3,NSC2_0.3_KP,2,CP,1,3,1.33,1.67,15,12,56.62,80.74,7.15,2.65
Flower,Nutrient solution,NSC2,NSC2_0.3,NSC2_0.3_KP,2,CP,2,3.16,1.6,1.56,10,12,61.35,77.36,8.34,2.54
Flower,Nutrient solution,NSC2,NSC2_0.3,NSC2_0.3_KP,2,CP,3,3.03,0.77,2.26,15,11,57.85,84.51,3.1,3.38
Flower,Nutrient solution,NSC2,NSC2_0.3,NSC2_0.3_KP,2,CP,4,2.91,1.49,1.42,15,12,56.19,77.09,8.4,2.03
Flower,Nutrient solution,NSC2,NSC2_0.3,NSC2_0.3_KP,2,CP,5,2.94,1.62,1.32,15,12,57.8,73.26,10.65,0
Flower,Nutrient solution,NSC2,NSC2_0.3,NSC2_0.3_KP,2,CP,6,2.41,1.33,1.08,15,11,55.16,75.99,15.26,1.84
Flower,Nutrient solution,NSC2,NSC2_0.5,NSC2_0.5_KP,3,CP,1,3.51,2.03,1.48,15,10,63.88,76.83,5.69,2.84
Flower,Nutrient solution,NSC2,NSC2_0.5,NSC2_0.5_KP,3,CP,2,2.81,1.17,1.64,13,14,50.24,78.99,3.54,7.14
Flower,Nutrient solution,NSC2,NSC2_0.5,NSC2_0.5_KP,3,CP,3,3.19,1.45,1.74,13,12,60.85,84.24,4.17,3.91
Flower,Nutrient solution,NSC2,NSC2_0.5,NSC2_0.5_KP,3,CP,4,2.54,1.33,1.21,11,10,58.98,79.66,9.59,2.4
Flower,Nutrient solution,NSC2,NSC2_0.5,NSC2_0.5_KP,3,CP,5,1.95,1.04,0.91,7,10,56.48,77.06,1.5,8.83
Flower,Nutrient solution,NSC2,NSC2_0.5,NSC2_0.5_KP,3,CP,6,3.39,1.78,1.61,13,14,51.17,75.37,5.94,6.26
Flower,Nutrient solution,NSC2,NSC2_1.0,NSC2_1.0_KP,4,CP,1,2.26,1.28,0.98,12,13,57.24,78.93,5.19,0.53
Flower,Nutrient solution,NSC2,NSC2_1.0,NSC2_1.0_KP,4,CP,2,3.12,1.73,1.39,16,10,57.13,84.02,2.81,2.47
Flower,Nutrient solution,NSC2,NSC2_1.0,NSC2_1.0_KP,4,CP,3,4,1.76,2.24,12,13,65.91,82.42,8.72,2.38
Flower,Nutrient solution,NSC2,NSC2_1.0,NSC2_1.0_KP,4,CP,4,4.16,2.16,2,12,12,60.58,68.32,11.45,1.56
Flower,Nutrient solution,NSC2,NSC2_1.0,NSC2_1.0_KP,4,CP,5,2.64,1.28,1.36,12,12,60.43,68.59,4.62,2.06
Flower,Nutrient solution,NSC2,NSC2_1.0,NSC2_1.0_KP,4,CP,6,3.16,1.56,1.6,13,15,58.55,78.04,4.36,2.4
Flower,Nutrient solution,NSC2,NSC2_0.0,NSC2_0.0_BP,1,BP,1,2.34,1.36,0.98,15,10,44.49,90.52,-1.5,4.92
Flower,Nutrient solution,NSC2,NSC2_0.0,NSC2_0.0_BP,1,BP,2,2.57,2.17,0.4,13,11,46.02,87.73,2.06,0.01
Flower,Nutrient solution,NSC2,NSC2_0.0,NSC2_0.0_BP,1,BP,3,2.62,1.37,1.25,15,10,50.21,83.31,0.9,0.7
Flower,Nutrient solution,NSC2,NSC2_0.0,NSC2_0.0_BP,1,BP,4,2.14,1.05,1.09,15,10,48.02,78.71,3.94,-1.81
Flower,Nutrient solution,NSC2,NSC2_0.0,NSC2_0.0_BP,1,BP,5,2.31,1.19,1.12,15,10,49.39,83.81,-0.43,2.16
Flower,Nutrient solution,NSC2,NSC2_0.0,NSC2_0.0_BP,1,BP,6,2.32,1.51,0.81,15,10,47.16,86.76,0.15,2.26
Flower,Nutrient solution,NSC2,NSC2_0.3,NSC2_0.3_BP,2,BP,1,2.46,1.67,0.79,16,9,50.5,82.49,3.61,-1.02
Flower,Nutrient solution,NSC2,NSC2_0.3,NSC2_0.3_BP,2,BP,2,2.11,1.3,0.81,16,10,49.17,83.74,3,0.6
Flower,Nutrient solution,NSC2,NSC2_0.3,NSC2_0.3_BP,2,BP,3,2.23,1.22,1.01,16,9,48.8,87.32,1.61,0.65
Flower,Nutrient solution,NSC2,NSC2_0.3,NSC2_0.3_BP,2,BP,4,2.1,0.94,1.16,15,10,42.36,88.45,-0.53,4.12
Flower,Nutrient solution,NSC2,NSC2_0.3,NSC2_0.3_BP,2,BP,5,2.25,1.3,0.95,16,10,48.2,89.59,0.12,2.53
Flower,Nutrient solution,NSC2,NSC2_0.3,NSC2_0.3_BP,2,BP,6,2.03,1.31,0.72,14,11,44.65,86.23,2.3,-0.42
Flower,Nutrient solution,NSC2,NSC2_0.5,NSC2_0.5_BP,3,BP,1,2.34,1.92,0.42,16,10,49.23,84.81,0.29,2.15
Flower,Nutrient solution,NSC2,NSC2_0.5,NSC2_0.5_BP,3,BP,2,2.02,0.92,1.1,13,10,44.96,86.21,1.37,0.84
Flower,Nutrient solution,NSC2,NSC2_0.5,NSC2_0.5_BP,3,BP,3,2.42,1.08,1.34,16,10,51.07,80.07,4.06,-0.92
Flower,Nutrient solution,NSC2,NSC2_0.5,NSC2_0.5_BP,3,BP,4,2.13,1.11,1.02,14,10,50.33,81.06,5.08,-2.18
Flower,Nutrient solution,NSC2,NSC2_0.5,NSC2_0.5_BP,3,BP,5,3.17,2,1.17,19,10,49.75,85.65,2.67,-0.17
Flower,Nutrient solution,NSC2,NSC2_0.5,NSC2_0.5_BP,3,BP,6,2.94,2.31,0.63,19,10,50.35,88.76,0.32,2.84
Flower,Nutrient solution,NSC2,NSC2_1.0,NSC2_1.0_BP,4,BP,1,2.47,1.75,0.72,16,7,49.85,80.13,5.48,-3.53
Flower,Nutrient solution,NSC2,NSC2_1.0,NSC2_1.0_BP,4,BP,2,2.74,1.24,1.5,16,10,46.65,87.45,0.51,2.52
Flower,Nutrient solution,NSC2,NSC2_1.0,NSC2_1.0_BP,4,BP,3,2.7,1.57,1.13,13,10,52.37,90.42,-3.53,9.69
Flower,Nutrient solution,NSC2,NSC2_1.0,NSC2_1.0_BP,4,BP,4,2.54,1.52,1.02,16,10,51.38,85.27,1.1,1.35
Flower,Nutrient solution,NSC2,NSC2_1.0,NSC2_1.0_BP,4,BP,5,2.62,1.82,0.8,16,10,50.21,87.7,0.87,0.9
Flower,Nutrient solution,NSC2,NSC2_1.0,NSC2_1.0_BP,4,BP,6,2.97,2.84,0.13,19,10,50.02,87.5,-0.14,3.2
Flower,Nutrient solution,NSC2,NSC2_0.0,NSC2_0.0_KW,1,KW,1,3.04,1.45,1.59,15,10,45.12,92.71,-0.99,3.32
Flower,Nutrient solution,NSC2,NSC2_0.0,NSC2_0.0_KW,1,KW,2,3.2,1.68,1.52,6,17,53.88,88.54,-0.63,2.86
Flower,Nutrient solution,NSC2,NSC2_0.0,NSC2_0.0_KW,1,KW,3,2.84,1.68,1.16,6,15,49.14,82.91,-0.63,1.61
Flower,Nutrient solution,NSC2,NSC2_0.0,NSC2_0.0_KW,1,KW,4,2.04,1.4,0.64,6,15,48.36,88.38,-0.49,1.67
Flower,Nutrient solution,NSC2,NSC2_0.0,NSC2_0.0_KW,1,KW,5,3.9,3.05,0.85,15,10,49.43,90.76,-0.54,2.66
Flower,Nutrient solution,NSC2,NSC2_0.0,NSC2_0.0_KW,1,KW,6,4.11,2.58,1.53,15,14,50.74,86.15,-0.68,1.73
Flower,Nutrient solution,NSC2,NSC2_0.3,NSC2_0.3_KW,2,KW,1,4.81,3.14,1.67,19,14,45.11,88.27,-0.47,2.5
Flower,Nutrient solution,NSC2,NSC2_0.3,NSC2_0.3_KW,2,KW,2,3.02,2.46,0.56,19,12,39.04,92.54,-0.95,3.88
Flower,Nutrient solution,NSC2,NSC2_0.3,NSC2_0.3_KW,2,KW,3,3.5,2.12,1.38,16,10,45.61,91.77,-0.49,2.97
Flower,Nutrient solution,NSC2,NSC2_0.3,NSC2_0.3_KW,2,KW,4,4.84,2.95,1.89,19,15,52.05,81.21,-0.42,1.81
Flower,Nutrient solution,NSC2,NSC2_0.3,NSC2_0.3_KW,2,KW,5,3.47,2.16,1.31,16,12,45.32,89.09,-0.88,3.15
Flower,Nutrient solution,NSC2,NSC2_0.3,NSC2_0.3_KW,2,KW,6,4.36,2.64,1.72,19,12,47.55,88.78,-0.29,2.23
Flower,Nutrient solution,NSC2,NSC2_0.5,NSC2_0.5_KW,3,KW,1,2.15,1.42,0.73,6,11,43.61,84.82,-0.84,2.66
Flower,Nutrient solution,NSC2,NSC2_0.5,NSC2_0.5_KW,3,KW,2,4.68,2.1,2.58,16,13,52.06,84.59,-0.42,1.43
Flower,Nutrient solution,NSC2,NSC2_0.5,NSC2_0.5_KW,3,KW,3,3.13,1.64,1.49,13,10,46.33,89.7,-0.6,2.64
Flower,Nutrient solution,NSC2,NSC2_0.5,NSC2_0.5_KW,3,KW,4,3.99,2.02,1.97,13,13,48.91,87.9,-0.82,4.09
Flower,Nutrient solution,NSC2,NSC2_0.5,NSC2_0.5_KW,3,KW,5,2.76,0.94,1.82,9,12,46.03,83.04,-0.82,1.8
Flower,Nutrient solution,NSC2,NSC2_0.5,NSC2_0.5_KW,3,KW,6,3.53,2.07,1.46,13,10,51.77,83.23,-0.39,1.52
Flower,Nutrient solution,NSC2,NSC2_1.0,NSC2_1.0_KW,4,KW,1,3.48,1.33,2.15,14,10,51.67,87.77,-0.66,3.04
Flower,Nutrient solution,NSC2,NSC2_1.0,NSC2_1.0_KW,4,KW,2,3.09,0.89,2.2,14,10,50.06,88.62,-0.4,2.39
Flower,Nutrient solution,NSC2,NSC2_1.0,NSC2_1.0_KW,4,KW,3,1.76,0.92,0.84,6,12,48.4,91.02,-0.61,2.61
Flower,Nutrient solution,NSC2,NSC2_1.0,NSC2_1.0_KW,4,KW,4,3.4,3.03,0.37,19,10,46.9,90.85,-0.88,3.63
Flower,Nutrient solution,NSC2,NSC2_1.0,NSC2_1.0_KW,4,KW,5,3.48,2.44,1.04,19,11,43.07,85.5,-0.72,2.67
Flower,Nutrient solution,NSC2,NSC2_1.0,NSC2_1.0_KW,4,KW,6,3.8,2.92,0.88,19,11,47.68,89.63,-1.26,4.1
